！,263307
？,79185
天,77841
…,64723
会,58727
子,57198
时,53421
中,53243
家,52949
说,50849
生,48216
心,47435
没,46725
真,45688
国,43448
爱,43183
想,42683
出,41922
回,39095
日,38623
年,37622
女,35198
发,34962
老,32598
点,32423
现,31645
太,31113
开,30568
情,29816
然,28260
名,28073
里,27850
感,27533
道,27477
事,27304
美,27262
—,27178
成,26702
学,26457
样,25870
动,25456
手,25441
什,24561
·,24348
座,24234
分,24045
意,23680
月,23446
新,23397
明,23342
面,23251
前,22996
复,22873
】,22264
吃,22227
知,21955
做,21741
【,21637
友,21610
力,21561
快,21355
行,21023
果,20937
死,20829
实,20663
机,20353
定,20306
）,20230
话,20136
次,20029
博,19475
作,19136
（,19054
公,18961
喜,18873
男,18780
片,18728
方,18693
全,18269
活,18200
乐,18135
图,18085
谢,18079
长,18026
觉,18019
欢,17949
电,17946
加,17850
高,17839
微,17533
头,17430
笑,17405
身,17101
三,17080
间,16989
位,16666
世,16665
水,16549
关,16509
场,16374
见,16281
相,15868
晚,15857
安,15666
正,15404
张,15242
两,15241
转,15077
候,14923
西,14801
主,14716
重,14623
种,14598
～,14509
车,14462
理,14397
难,14264
体,14145
海,14069
神,13992
网,13974
气,13953
民,13705
花,13687
请,13652
工,13498
更,13323
记,13156
表,13145
法,13129
十,13106
信,12965
直,12957
妈,12947
走,12894
白,12830
外,12827
少,12671
眼,12643
完,12473
问,12363
早,12357
结,12336
期,12146
放,12079
文,12013
哥,11901
部,11877
福,11815
马,11800
受,11768
刚,11688
原,11680
二,11612
强,11605
姐,11583
听,11513
周,11505
总,11505
孩,11484
朋,11442
星,11408
持,11391
路,11320
金,11310
视,11212
东,11195
常,11135
界,11131
万,11070
钱,11061
性,11057
影,10936
注,10877
进,10846
系,10820
度,10814
应,10761
买,10730
演,10711
粉,10530
越,10471
光,10435
亲,10401
师,10396
物,10391
色,10383
广,10314
错,10303
品,10280
特,10238
风,10226
北,10182
口,10116
门,10029
求,10010
节,10001
报,9985
超,9964
流,9946
球,9936
牛,9926
合,9891
宝,9881
市,9865
送,9835
睡,9787
带,9772
告,9753
山,9747
业,9704
拍,9671
通,9538
平,9524
幸,9443
歌,9433
找,9424
处,9417
双,9400
变,9353
接,9341
台,9274
代,9274
字,9264
解,9253
希,9241
收,9087
员,9085
先,9074
条,8983
单,8947
玩,8918
入,8791
岁,8748
王,8716
南,8655
保,8653
服,8646
数,8629
围,8593
精,8585
京,8556
利,8533
近,8499
★,8438
非,8418
住,8417
享,8403
思,8297
唱,8278
运,8244
目,8225
丝,8213
红,8170
油,8157
元,8153
题,8134
书,8108
清,8080
始,8011
四,7977
空,7965
包,7954
伤,7938
远,7937
命,7924
狗,7852
午,7822
息,7801
干,7764
认,7716
饭,7709
件,7691
容,7678
传,7651
终,7633
拉,7612
支,7557
火,7527
失,7513
猫,7472
五,7454
班,7414
深,7411
观,7380
化,7362
语,7357
计,7348
鱼,7335
百,7271
声,7195
房,7167
州,7165
帮,7157
算,7146
音,7141
奖,7134
版,7111
教,7090
满,7074
半,7072
号,7066
香,7047
城,7044
热,7028
提,6992
试,6984
必,6884
写,6829
黑,6783
装,6775
准,6670
华,6667
队,6650
量,6650
昨,6643
假,6636
念,6628
导,6628
言,6586
痛,6566
首,6561
杯,6458
梦,6456
搞,6429
制,6419
价,6407
交,6381
选,6350
愿,6247
怕,6228
专,6217
游,6171
祝,6154
指,6113
英,6112
办,6108
夜,6096
遇,5996
飞,5978
式,5966
德,5953
绝,5918
反,5911
布,5910
参,5901
社,5901
获,5892
考,5874
浪,5873
苦,5870
格,5865
级,5822
政,5799
需,5769
整,5751
衣,5748
穿,5734
费,5731
米,5691
留,5686
消,5671
雨,5671
续,5670
达,5663
便,5657
亮,5646
客,5645
排,5617
脖,5606
未,5604
卡,5582
味,5574
脑,5570
象,5552
型,5541
站,5540
产,5531
李,5525
鞋,5507
线,5504
哭,5495
毛,5486
领,5484
害,5458
评,5452
许,5447
官,5445
调,5444
士,5442
食,5436
肉,5436
居,5432
楼,5428
功,5427
司,5426
区,5413
春,5411
底,5393
青,5377
示,5371
句,5363
票,5361
童,5358
久,5353
画,5346
永,5343
够,5342
婚,5331
警,5324
战,5314
具,5309
剧,5278
酒,5271
杀,5226
黄,5223
笔,5202
院,5186
千,5183
帅,5176
爸,5163
奇,5151
江,5146
取,5139
喝,5137
证,5136
决,5095
泪,5084
创,5079
推,5071
资,5070
母,5069
联,5067
倒,5064
切,5044
改,5020
救,4988
造,4971
养,4965
易,4960
轻,4945
播,4937
阳,4919
足,4917
钟,4906
确,4899
八,4887
迷,4880
建,4879
懂,4878
脸,4867
血,4853
礼,4846
似,4843
温,4814
立,4802
斯,4788
悲,4788
落,4775
亚,4765
志,4736
习,4723
病,4693
程,4681
滴,4676
掉,4654
商,4640
冷,4628
投,4612
惊,4611
恋,4608
赛,4589
敢,4571
众,4570
卖,4538
备,4538
巨,4519
团,4492
秋,4480
值,4477
妹,4461
质,4452
静,4450
射,4446
左,4438
奶,4433
军,4426
集,4423
林,4417
云,4417
闻,4414
根,4411
段,4392
务,4385
校,4385
震,4382
识,4379
突,4351
瓶,4348
克,4320
紧,4316
爷,4305
群,4303
康,4302
皮,4296
坐,4292
翻,4276
恶,4269
份,4255
基,4235
曲,4226
羊,4215
忘,4214
步,4211
港,4197
富,4192
蛋,4189
偶,4169
低,4159
坚,4158
频,4158
差,4151
丽,4107
继,4091
讲,4056
娘,4054
彩,4050
医,4039
类,4034
义,4030
爆,4023
局,4018
形,4007
店,3991
夫,3971
默,3968
称,3958
竟,3948
韩,3944
历,3939
怀,3932
标,3925
共,3921
抽,3904
六,3903
蟹,3893
戏,3892
菜,3892
河,3889
唔,3879
菲,3874
极,3870
抱,3850
组,3846
查,3814
短,3811
态,3782
艺,3773
换,3765
父,3757
助,3757
牌,3755
挺,3740
弟,3728
罗,3728
背,3710
七,3705
忙,3703
术,3683
街,3671
激,3669
统,3665
龙,3651
独,3649
户,3649
存,3640
诉,3634
典,3633
醒,3622
读,3611
止,3602
断,3591
洗,3589
忍,3585
击,3584
角,3582
刻,3577
律,3574
兴,3573
鸡,3567
设,3560
怪,3558
诗,3556
录,3545
婆,3537
偷,3535
套,3525
慢,3521
灵,3513
蝎,3493
石,3469
破,3459
简,3447
约,3431
脚,3418
配,3414
景,3411
须,3407
迎,3402
餐,3400
展,3392
庆,3385
陈,3382
款,3380
狮,3378
健,3373
累,3357
牙,3354
狂,3353
跳,3352
善,3351
细,3349
答,3340
贵,3337
板,3329
跑,3324
武,3322
右,3314
古,3310
案,3307
停,3306
史,3303
科,3276
贴,3276
严,3274
举,3257
兰,3252
顶,3240
惜,3239
预,3232
护,3220
坏,3220
哀,3219
治,3209
萌,3203
旅,3200
否,3159
府,3144
呼,3141
淡,3126
树,3126
疯,3118
议,3112
摩,3104
素,3102
适,3091
疼,3091
尚,3088
休,3079
麻,3077
园,3068
良,3065
速,3063
财,3059
趣,3052
属,3050
灾,3048
料,3046
草,3018
抢,3016
智,3009
藏,3009
免,2985
恩,2979
铁,2979
室,2975
雷,2969
引,2968
权,2963
环,2962
摄,2953
腿,2949
敬,2947
纪,2941
九,2937
鬼,2929
聊,2928
词,2928
显,2922
鲜,2916
晨,2908
境,2906
舞,2905
漫,2891
傻,2886
波,2877
争,2874
讨,2865
镜,2859
测,2848
肯,2848
压,2847
肥,2843
暴,2834
烦,2831
卫,2827
木,2816
杰,2811
追,2809
课,2809
宾,2783
效,2781
玉,2780
模,2776
限,2775
令,2771
漂,2768
省,2759
逼,2755
块,2753
床,2751
急,2749
纯,2743
幕,2741
咯,2715
育,2714
亡,2713
村,2713
赞,2710
羯,2699
湖,2698
露,2688
馆,2683
乱,2679
恐,2678
仔,2669
择,2666
优,2661
密,2653
谈,2647
负,2643
况,2641
努,2641
魔,2640
银,2638
豆,2635
责,2634
充,2623
辈,2603
秀,2597
甘,2595
购,2593
势,2592
猪,2590
器,2589
签,2587
佛,2586
仅,2583
私,2578
折,2575
汉,2573
茶,2564
缺,2562
宣,2561
股,2559
秤,2550
响,2549
陪,2544
兄,2541
互,2541
叔,2536
烈,2528
败,2526
般,2525
媒,2517
纸,2513
承,2513
冰,2486
减,2486
烟,2483
猜,2481
拥,2480
招,2475
沙,2474
暖,2470
辛,2463
普,2461
帝,2460
抓,2455
嘴,2447
熟,2446
祈,2442
鸟,2441
胖,2436
察,2430
额,2428
初,2424
怜,2421
苏,2414
际,2413
沉,2411
尼,2410
访,2403
土,2403
控,2398
酸,2397
盘,2394
夏,2386
秒,2385
刘,2385
职,2383
货,2380
拜,2379
验,2379
斗,2378
弃,2367
介,2366
规,2361
奥,2359
架,2354
威,2352
残,2349
技,2341
堂,2334
贝,2332
修,2320
毒,2318
委,2306
族,2298
烧,2291
松,2289
睛,2285
野,2284
熊,2284
营,2282
章,2277
编,2276
辑,2258
防,2240
珍,2239
胡,2234
维,2233
舍,2233
雪,2233
稿,2231
顾,2229
亿,2228
补,2223
困,2217
娃,2214
绿,2198
罪,2196
练,2190
列,2177
估,2177
佳,2172
药,2171
泡,2166
骂,2161
状,2152
束,2144
棒,2142
劳,2140
甜,2139
弄,2138
莫,2136
恨,2135
销,2133
忆,2131
讯,2126
采,2122
层,2114
爽,2114
貌,2113
软,2102
舟,2097
印,2095
升,2091
晕,2089
末,2088
勇,2088
姑,2086
伟,2076
诚,2076
凤,2073
惨,2068
宏,2067
源,2064
潮,2061
守,2061
范,2059
胜,2053
增,2052
欲,2042
抗,2035
毕,2033
登,2031
姓,2028
俩,2024
封,2016
杂,2016
农,2015
供,2012
睇,2011
冬,2010
伴,2007
络,2004
遗,2003
荐,2001
囧,1996
轮,1990
淘,1990
企,1983
透,1981
码,1980
奔,1978
究,1977
雄,1976
脱,1972
骨,1970
逝,1970
降,1970
遭,1967
凉,1963
拆,1958
秘,1954
尊,1953
吸,1952
灰,1951
岛,1950
唯,1946
缘,1945
织,1941
挂,1933
闹,1930
划,1928
释,1928
置,1922
蓝,1921
饿,1921
担,1917
瘦,1911
寒,1910
疑,1908
托,1906
舒,1906
冠,1904
险,1902
颜,1894
售,1892
咪,1887
郁,1885
载,1881
党,1881
旧,1876
截,1871
闷,1871
赏,1862
唐,1856
骗,1855
妇,1852
裤,1851
圈,1843
县,1842
畅,1841
散,1839
妻,1839
派,1836
喔,1836
退,1820
惯,1813
弱,1813
暗,1803
洋,1802
误,1801
异,1798
恭,1798
晓,1798
犯,1798
兔,1796
济,1793
欣,1792
遍,1789
率,1788
肚,1787
圆,1786
益,1785
厌,1783
乡,1782
噶,1779
屁,1773
献,1772
灯,1771
余,1771
晒,1770
旁,1769
庚,1764
付,1764
耳,1763
瓜,1762
季,1761
操,1756
刀,1755
宜,1754
孤,1752
咩,1744
批,1740
個,1734
怒,1729
來,1728
魂,1717
－,1713
袋,1709
喊,1707
薄,1707
耶,1706
川,1706
慕,1704
娱,1701
胸,1701
聚,1697
湾,1696
递,1696
酷,1695
→,1678
著,1676
弹,1674
汗,1673
劲,1669
寻,1668
嗷,1667
虎,1664
梁,1659
执,1657
枪,1655
项,1655
甚,1654
训,1652
危,1650
混,1648
梅,1640
楚,1639
材,1638
巧,1637
伦,1633
赢,1630
索,1626
席,1623
副,1622
豪,1621
纠,1620
俗,1615
胞,1614
烂,1614
雅,1613
丢,1611
吉,1611
币,1601
叶,1601
航,1601
研,1600
奋,1598
盖,1593
愛,1593
噗,1589
含,1585
鼓,1583
搜,1582
桃,1575
穷,1572
忽,1572
赵,1567
洲,1566
吹,1566
厉,1565
纳,1565
谓,1563
移,1557
撞,1555
糖,1551
齐,1549
嫁,1549
丫,1549
泰,1548
附,1545
乖,1544
怖,1544
柔,1539
麦,1538
输,1537
鼠,1536
擦,1535
圣,1535
捐,1533
键,1533
君,1533
零,1528
泥,1526
狠,1524
检,1522
积,1519
挑,1517
伊,1516
饼,1515
帖,1510
桌,1510
孙,1508
均,1508
逃,1506
摸,1503
羡,1502
虚,1502
伙,1501
荣,1500
炸,1499
端,1499
妙,1498
戴,1495
盛,1492
监,1491
欧,1487
隐,1486
赠,1482
妆,1478
發,1478
掌,1476
屋,1471
滚,1466
悼,1465
刺,1462
仙,1461
央,1460
祖,1459
顿,1455
详,1453
刷,1450
剩,1447
祷,1445
灭,1438
涨,1438
征,1437
拖,1435
腐,1432
判,1430
庭,1428
耐,1426
篇,1425
薇,1424
呆,1422
姨,1421
嘉,1419
劫,1415
锅,1413
硬,1411
飘,1410
阵,1407
噢,1406
稳,1405
愤,1403
萨,1402
浮,1401
凌,1401
榜,1393
鸭,1393
窗,1392
苹,1391
墙,1391
占,1388
辣,1385
咖,1379
址,1379
兵,1377
映,1373
轉,1372
敌,1368
搭,1367
喷,1367
眠,1362
皇,1361
闲,1360
禁,1359
寂,1359
腰,1356
途,1356
懒,1350
船,1344
厚,1333
蜜,1330
嫌,1329
陆,1328
屏,1327
宇,1326
朵,1324
阴,1323
染,1321
肤,1321
田,1317
磨,1316
扬,1312
桥,1312
塞,1310
鼻,1307
汤,1304
幼,1300
醉,1300
摆,1298
贪,1298
饮,1297
施,1288
诺,1288
兽,1285
炒,1281
珠,1279
吼,1276
革,1273
镇,1272
尾,1272
碎,1271
拼,1269
姿,1266
奈,1263
＂,1263
迁,1258
丰,1257
幽,1255
荷,1255
碰,1255
欺,1253
偏,1252
概,1249
净,1248
厅,1246
悠,1243
洁,1239
杨,1236
症,1236
圳,1235
妞,1231
們,1228
谐,1227
．,1227
猛,1222
俊,1220
峰,1218
忧,1216
刊,1216
郭,1213
闪,1213
勒,1210
迹,1208
戒,1207
吐,1203
攻,1200
废,1197
裸,1197
迟,1195
會,1194
颗,1191
慧,1190
糕,1190
佩,1188
井,1183
例,1183
扰,1182
廷,1181
辆,1178
邮,1174
援,1173
剪,1173
蛮,1173
怨,1172
箱,1171
翔,1170
虑,1169
甲,1167
页,1159
聪,1158
蒙,1157
垃,1154
圾,1151
胆,1147
牵,1141
艳,1140
触,1140
盗,1138
尤,1137
横,1137
啡,1136
郑,1135
糊,1134
斤,1133
吴,1133
抵,1133
彻,1130
策,1127
紫,1127
略,1126
扣,1124
挥,1121
撒,1120
寞,1119
龄,1119
隔,1116
敏,1116
湿,1116
瞬,1111
绍,1109
杭,1107
乌,1106
卷,1106
堆,1103
摇,1102
祸,1099
旗,1099
尝,1097
拒,1097
耻,1095
逛,1095
赚,1089
幻,1089
羞,1086
苍,1085
鲁,1083
毁,1080
协,1079
吻,1079
扫,1074
扮,1073
狼,1072
咔,1072
覆,1072
链,1071
丹,1071
握,1070
邪,1069
宿,1068
傲,1067
吖,1066
宽,1066
避,1065
宅,1065
届,1064
壮,1063
励,1059
启,1058
咬,1054
绪,1054
悟,1045
慰,1045
括,1044
仁,1042
尸,1041
徒,1041
霸,1040
堪,1040
沟,1040
闭,1039
探,1039
胃,1038
脏,1038
呐,1034
靓,1034
悔,1029
挖,1029
洪,1022
娇,1022
丁,1020
咁,1018
扑,1018
森,1016
痴,1015
贫,1014
娜,1014
扎,1013
坛,1005
患,1003
谱,1003
崩,1000
迪,997
說,996
佑,995
窝,994
摔,993
暂,992
邀,987
棍,986
寄,985
匪,985
妖,985
汽,979
帽,978
還,976
梨,976
堵,976
埋,976
曝,974
丑,974
虫,974
润,973
迅,973
屎,973
丈,972
仲,963
黎,960
删,959
叹,957
虐,956
挣,956
贱,956
墨,956
忠,956
凶,953
订,950
潜,947
幅,946
竞,943
溃,940
洞,937
渐,935
爬,935
倍,932
疗,930
吵,928
徐,928
倾,927
犬,926
涂,926
宫,926
撑,924
琴,923
针,921
臭,921
肩,918
饱,917
稀,910
惑,909
捏,906
夕,905
芳,904
燕,904
催,902
遥,902
奸,901
返,899
坦,898
驾,897
夺,895
勿,895
朱,894
『,893
袭,893
审,892
滑,891
』,890
慈,890
爹,890
雯,888
钓,884
’,883
培,882
惠,882
妒,882
荡,881
阅,881
丸,881
盒,879
悉,879
嫩,876
乳,875
仿,875
译,874
坡,874
尘,873
朗,872
挤,872
熬,871
肠,871
税,871
‘,871
档,870
宗,869
郎,869
愁,868
申,868
津,867
粗,866
踢,866
盆,865
逗,865
烤,860
伯,858
厕,858
插,858
纷,857
夸,853
撼,851
踏,850
脆,849
污,847
焦,846
屈,846
梯,845
诱,845
骑,844
册,844
植,843
构,843
侣,842
谷,842
刑,842
浓,842
弥,842
核,842
泽,840
伪,839
隆,838
悄,837
迫,835
泉,835
毫,835
延,833
沒,833
酱,832
巾,831
融,831
宠,829
點,828
麼,825
歉,824
魅,822
裙,821
跌,821
阶,820
添,819
授,819
拔,818
這,817
孔,816
租,813
饰,813
曼,812
番,812
碗,810
虾,809
洒,809
寿,808
绑,807
钢,805
開,805
膜,804
祥,804
侧,801
狱,799
罚,795
损,793
汇,791
序,791
瑞,790
婕,790
衰,790
砸,790
述,789
庄,789
瞧,788
纹,783
违,782
嫉,778
缓,777
過,776
滋,775
尿,774
惹,774
犀,772
肃,770
仰,770
矿,770
踪,767
裂,765
葱,765
厦,765
俄,764
桑,764
揭,764
壁,762
喇,761
赖,760
犹,760
憾,759
勤,759
」,759
骚,759
符,757
勾,757
绵,757
悦,756
莲,756
孕,754
锋,754
钻,752
煮,752
淫,751
厂,750
予,750
躲,750
旺,750
冻,749
仪,749
陷,748
杜,748
為,747
踩,746
塔,746
∩,746
跪,746
裁,746
氓,742
洛,739
夹,738
竹,737
「,737
液,736
搬,731
嘅,730
蚊,730
携,730
萝,730
炼,730
逢,729
贺,727
對,727
挡,726
恼,726
谋,725
肌,723
盟,722
昏,721
眉,721
辞,719
捧,719
诞,718
鉴,718
泳,717
躺,717
拾,715
玛,713
涯,709
茫,709
胎,708
時,708
扭,708
淋,707
坊,705
瓦,705
狐,704
愧,704
伍,704
菊,704
脾,702
澡,702
瞎,698
昌,697
芝,695
愚,694
抄,694
腹,693
愉,691
涉,688
瑟,687
扔,686
馨,685
尖,683
亏,681
谅,681
锦,681
域,678
澳,675
耀,674
诶,673
鄙,672
謝,671
串,671
锁,670
寨,667
沈,667
桶,665
账,663
扯,661
肝,661
绩,661
贼,659
旦,659
嗎,658
鹅,658
炎,658
葡,656
欠,655
逐,654
篮,654
艾,653
啧,653
析,652
衡,652
陀,652
浅,652
薪,649
暑,649
铺,646
悍,646
固,645
丧,644
宋,641
後,639
昂,639
歪,638
陌,636
萄,635
猴,635
柏,634
乏,634
董,634
衫,632
繁,631
卧,630
罢,630
剑,629
岸,629
辱,628
艰,626
喵,626
偿,624
仇,623
霉,622
阻,621
笨,621
澈,620
捕,619
橙,618
愈,618
库,618
皆,618
池,616
晶,615
障,614
蔡,614
荒,612
旋,612
描,611
塌,610
骄,610
係,610
抛,610
圖,608
溜,607
姆,606
览,605
徽,605
赌,605
盾,604
泄,604
缩,604
呦,603
盼,603
跃,600
浴,600
娶,599
伸,598
無,597
奏,596
粤,596
潘,595
慎,595
侵,594
巡,594
舌,594
抑,594
捡,592
霜,592
躁,592
伏,591
涵,590
弯,589
奉,589
乔,589
砖,588
枚,587
晴,586
膀,583
燃,583
吾,582
筑,581
贤,579
姻,578
莱,578
赔,576
漠,575
抚,575
伞,573
肺,573
召,573
粽,572
耍,571
稍,571
蝶,571
抬,571
３,570
氏,570
給,569
侠,569
谨,568
辉,567
掩,567
卦,567
炉,566
坠,564
绕,563
悬,562
唤,561
媚,559
玲,558
疲,558
栏,558
傅,557
袖,556
滩,556
赫,555
痘,555
鸣,555
莉,554
恒,553
枝,553
胶,553
岗,552
允,551
柳,551
漏,550
芒,550
爪,548
菩,548
辜,547
宴,547
椒,547
忌,546
朴,545
岳,545
苗,544
涛,544
筋,543
尺,543
啤,542
措,541
粥,540
奴,539
寸,539
吊,538
卜,538
抹,537
宵,537
冤,537
惧,536
⊙,536
棉,536
兼,535
牲,534
韵,533
耗,533
辟,532
恢,531
墓,530
泣,530
瘾,530
凑,529
癌,529
汪,529
虹,528
卸,528
煤,527
疾,526
媳,526
痕,525
谎,525
動,523
麽,522
坑,522
询,520
籍,520
晰,520
摊,520
牢,519
熙,518
翼,518
姜,518
炮,517
雾,517
肿,516
張,516
促,516
昆,515
姚,514
誓,514
贩,514
凯,514
敲,513
枕,513
蜡,513
恰,513
臣,512
岩,512
樂,511
僧,510
遮,509
邓,509
０,507
糟,507
＝,506
凰,506
柜,506
逆,506
跨,505
咒,505
浩,505
汁,503
赤,503
俱,501
卓,499
見,499
摘,498
冯,497
碧,497
唇,497
哲,497
蓉,496
筒,495
渴,495
現,495
椅,494
厨,494
陶,493
莎,491
羽,491
渔,490
谦,490
渣,486
凝,486
憋,484
粮,484
於,483
覺,483
垂,483
膏,483
璃,481
崇,481
翅,480
浙,479
龟,479
曹,478
匆,477
歡,476
潇,475
灿,474
赴,474
卑,473
樱,473
扶,473
嘤,473
骏,471
慨,470
臂,468
粒,468
玻,467
填,466
蛇,465
驻,465
殊,465
捞,464
鹏,462
盐,461
灏,461
齿,461
魏,461
玫,459
孽,459
腻,458
综,457
蒂,457
伐,457
抖,457
砍,456
僵,456
盲,455
堡,455
纲,455
秦,454
奢,454
券,454
挨,453
佢,452
径,450
敦,450
拳,450
蠢,448
牺,448
嘞,448
煎,447
兜,447
蕾,447
轰,443
鹿,443
纽,442
絮,440
柯,439
拨,439
佬,437
忒,437
罐,436
袜,435
莓,434
桂,434
阔,432
锻,432
垫,432
晃,432
瑰,431
逸,431
誉,428
祭,428
涩,428
迈,428
咸,427
菇,427
谊,427
振,427
扇,425
豫,425
炫,424
烛,424
烫,424
轩,424
剥,424
嗨,424
碌,422
叉,420
瓣,420
帐,419
畜,419
蜂,418
慌,416
衬,416
彭,415
孝,415
帆,413
斑,412
轨,411
醋,411
颁,411
霞,409
缠,408
樣,408
請,407
脂,406
國,405
柴,405
渡,404
碳,403
驶,403
痒,403
趴,403
拟,403
割,402
披,401
翠,400
栋,400
疆,399
杆,399
疫,399
寺,398
肖,397
翘,397
邦,396
妮,396
尬,395
芙,395
歹,394
邻,394
殴,392
頭,392
萧,391
撕,391
薯,391
罩,390
矛,386
袁,386
塑,385
冇,385
涌,384
晋,383
嗓,383
颠,383
圭,383
壳,382
缝,382
孟,381
咗,381
尴,380
嘲,380
驰,380
贡,380
督,378
哄,378
％,377
笼,376
驱,376
腔,376
掏,376
琳,375
滨,374
沫,373
睁,373
乜,373
戳,372
侯,372
泼,372
喉,371
葬,371
婴,371
霍,371
吁,371
甩,370
坤,370
話,370
捷,369
勉,369
泛,369
循,369
仓,368
斌,368
颈,368
劝,368
廉,367
铭,366
浑,366
铃,365
闺,365
毙,365
曰,364
碍,364
腊,363
绘,363
拘,363
澜,363
經,362
氣,362
實,361
鹰,361
纱,361
姥,360
昧,360
赐,358
粹,358
驴,358
谣,357
俞,357
焚,357
難,356
聘,354
蒸,354
翁,354
叮,353
蒋,352
叠,351
凄,350
碟,349
毅,348
豹,348
怡,347
雀,346
盯,345
茄,345
岂,345
债,344
呈,342
捂,342
惩,341
沾,340
蹈,340
乞,339
湘,339
２,337
②,337
趟,336
俾,336
①,335
吞,335
匙,334
盈,334
俏,334
棵,332
嘟,332
＋,332
暮,331
劣,331
绳,330
钉,330
刮,330
沧,330
陕,329
剂,329
氛,328
戚,327
鸿,327
逻,327
叛,327
雕,327
叼,326
蕉,325
押,325
衷,325
顽,325
葛,325
學,324
恤,324
杏,324
捉,324
挽,324
践,323
９,323
辩,323
厘,323
卢,323
歇,321
颇,321
場,320
颖,320
蝴,320
哒,318
罕,317
棋,317
剛,317
拐,316
贾,316
蹲,315
汶,315
寓,315
仗,315
钥,314
蜗,314
宙,313
灌,313
讽,312
彪,312
妨,312
琪,311
扩,311
刹,310
埃,309
禽,309
妳,308
飙,307
電,307
浦,306
毯,304
础,304
蓄,304
诊,304
裕,303
胀,303
終,302
粘,302
扒,301
翰,301
脉,301
傍,300
稚,300
記,298
挫,298
窃,298
屠,298
硕,297
柱,297
楂,296
買,296
颂,295
亭,295
箭,294
燥,294
師,294
噩,294
喺,293
妓,293
×,293
疏,292
兒,292
谴,292
拦,292
溪,292
赋,291
淑,291
蹦,290
胁,290
碑,290
掐,289
妃,289
▽,289
琐,289
畏,289
揪,289
牧,289
芬,287
辰,286
╰,286
塘,285
╯,285
捶,285
媽,285
壶,284
╭,284
淹,284
蹬,284
玄,283
＞,282
铜,281
溢,281
凸,281
睹,281
機,280
诡,280
佐,279
饥,279
浏,279
囊,278
腥,277
裹,277
鸦,277
莞,276
贯,276
贷,276
聽,276
绎,275
饺,274
叨,274
戈,274
闯,273
契,273
╮,272
黛,271
５,271
沦,271
禅,271
筹,271
狸,271
＜,270
掀,270
逊,270
扁,270
屡,269
旱,269
間,268
酬,268
庸,268
馋,268
煲,267
幾,267
岭,266
藤,265
斜,265
揉,265
搏,265
弦,264
诈,264
奠,263
谭,263
蔬,262
咽,262
役,262
锐,262
锤,262
吟,262
當,261
蒜,261
肇,261
嚣,261
膊,261
厢,261
別,260
储,260
诅,260
茨,259
柿,259
馬,259
廣,259
劈,259
揍,258
旭,258
枯,258
仆,258
丘,258
長,257
瓷,257
崔,257
惟,257
睫,256
貓,256
御,256
巷,256
誰,255
崽,255
滥,254
纤,254
菌,254
浆,254
撤,253
皱,253
螺,253
啃,253
帥,253
拯,252
寝,252
丐,252
颤,252
阁,252
坟,251
贸,251
蓬,250
槽,250
┭,250
┮,250
寡,249
③,249
妥,249
珊,248
遂,248
勃,248
棚,247
膝,247
靴,246
匹,246
募,246
嫂,246
肾,245
婷,245
瘫,245
變,245
饶,244
瑜,243
胳,243
拌,243
贞,243
該,242
枉,242
钞,241
枣,241
惫,240
框,240
舰,240
氧,240
帕,239
巫,239
裡,239
讓,238
猎,238
沃,237
恳,237
蔽,236
肪,236
嘢,235
１,235
趋,235
錯,234
磊,233
芭,233
庙,233
暧,233
旬,233
攀,232
咨,232
應,232
親,232
の,232
葵,232
吕,232
伽,231
崖,231
斥,230
郊,230
魄,230
牡,230
倩,230
掘,229
穆,229
扛,229
逮,228
庞,228
侦,228
茂,228
坝,228
陵,228
兑,228
贿,228
啸,227
蛙,227
芦,227
炬,227
℃,227
汰,226
臀,225
４,224
攒,224
兩,224
關,224
夷,224
禹,223
棺,223
觅,222
峡,222
兆,222
拇,222
琼,221
诫,221
霄,221
堕,220
辽,220
￥,220
绽,219
侈,219
倦,219
☆,219
哑,218
問,218
肆,218
窦,218
渺,217
乙,217
蘑,217
娟,217
詹,217
逍,217
摧,216
煌,215
绒,215
厄,215
奕,215
腕,214
雁,214
豚,213
浸,213
辨,213
墅,213
宰,212
脊,211
靚,211
﹏,211
猥,211
蚁,210
邊,209
熏,209
霆,209
泊,209
璇,209
矮,208
蹄,208
眸,208
侮,207
彦,206
嗲,206
署,205
遵,205
飯,205
螃,205
侄,205
妄,205
涕,205
躬,205
馒,204
咏,204
唧,204
舅,204
椎,204
拽,203
寶,203
倡,202
秩,202
竖,202
缉,202
枫,202
鹤,202
舔,201
绣,201
￣,201
結,200
搓,200
蝇,200
豁,200
挠,200
垮,200
挚,199
鞠,199
廊,198
悚,198
讶,198
萍,198
捣,197
咙,197
缅,196
鞭,196
炜,196
淇,196
惭,196
鸽,196
渊,195
坎,195
檬,195
茅,195
●,195
］,194
窥,194
溺,194
艹,193
缸,193
昭,193
嚎,193
弊,193
馈,193
唠,193
酿,192
紅,192
驼,191
辅,191
剃,190
［,190
掂,190
澄,190
卿,190
筷,190
凳,190
菠,190
帘,189
④,189
擅,189
兹,189
婉,189
喻,188
瞪,188
敷,188
砂,188
節,188
堤,188
勋,188
粪,187
涅,187
渠,187
瑶,186
沐,186
陋,186
闸,186
恕,186
峯,185
７,184
薛,184
罹,184
猩,184
歧,183
雇,183
柠,183
淀,182
剖,182
缴,182
滔,182
肢,181
蔚,181
門,180
體,180
栗,180
瞄,180
乾,179
莹,179
眷,179
锡,179
丛,178
煽,178
馅,177
庐,177
雌,177
愣,177
茸,177
嚼,176
械,176
漆,176
斩,176
搅,176
噜,175
呛,175
甄,175
峨,175
杠,175
茹,175
磅,174
磁,174
坞,174
嫖,174
憨,174
宪,174
巢,173
俯,173
蹭,173
沸,172
娥,172
炖,172
侃,172
車,172
缕,172
殖,171
搂,171
叭,171
蛤,171
侬,170
幫,170
葫,170
狄,170
準,170
蔓,170
弗,170
熱,169
莪,169
朦,169
糸,169
垄,169
夢,169
酥,169
挪,169
翩,168
嫣,168
喘,168
彬,168
蚂,167
盏,167
削,166
袍,166
矩,166
內,165
漓,165
沪,165
冥,165
掰,165
傷,165
韦,164
椰,164
叽,164
碾,164
認,164
铅,164
韧,164
榴,164
畔,163
挟,163
藕,163
绯,163
轿,162
瞒,162
傳,161
鲨,161
浇,161
蛛,161
眶,161
楠,161
怅,160
橘,160
耽,160
癫,160
幂,160
咕,160
凹,159
耕,159
钦,159
篷,159
萬,159
勺,159
捅,159
诵,159
髓,158
钩,157
坨,157
芽,157
坪,157
鼎,156
喧,156
笛,156
啵,156
惦,156
泌,156
镖,155
蜀,155
嗽,154
昔,154
爵,154
恍,154
瞅,154
試,153
願,153
髮,153
醇,153
級,153
淌,152
霖,152
稻,152
诀,152
穴,152
蔑,151
儒,151
屌,151
⑤,151
魚,151
拎,151
報,151
皓,150
拷,150
敛,150
趾,150
剔,150
痣,149
帶,149
辐,149
璐,149
煞,148
躯,147
橡,147
厮,147
漾,147
瘩,147
踊,146
荧,146
胧,146
惰,146
茜,146
疙,146
蜘,146
琢,145
鑫,145
殉,145
鲍,145
夠,145
屯,145
視,145
噻,145
泻,144
靖,144
潭,144
／,144
亩,144
哆,144
擎,143
吆,143
窄,143
淮,143
嫦,142
聂,142
舆,142
墟,142
風,142
芸,142
韶,142
谜,141
禮,141
強,141
姬,141
骤,140
囖,140
裳,140
贬,140
朽,140
佣,139
種,139
卉,139
殿,138
履,138
衔,138
畫,138
巍,138
乒,138
疚,138
焰,138
萱,138
嚟,137
導,137
铲,137
拓,137
廿,137
弓,136
曦,136
講,136
疤,136
瞳,136
網,136
峻,135
語,135
飛,135
诠,134
膨,134
哨,134
窒,134
艇,133
嚷,133
轴,133
蝉,133
朔,132
糙,132
筝,132
苑,132
惬,131
憎,131
屑,131
竭,131
婶,131
榨,131
睿,130
癖,130
暨,130
吨,130
徊,130
镑,130
狭,130
搁,130
娴,129
殺,129
湛,129
枰,129
備,129
聆,129
隶,129
痪,129
叻,129
眨,129
婿,129
梳,128
單,128
陳,127
拭,127
眯,127
敖,126
抠,126
苟,126
與,126
惕,126
矫,126
茵,125
滿,125
徘,125
浣,125
遠,125
彰,125
腺,124
涟,124
忐,124
忑,124
°,124
唬,124
⑥,124
勁,124
侨,124
連,124
掠,124
從,123
恬,123
绅,123
臉,123
弘,123
邱,123
怯,122
乍,122
窘,122
懈,122
舱,122
喃,122
踹,122
呱,122
亨,121
桐,121
瀑,121
進,121
號,121
壹,121
◆,121
條,120
劇,120
─,120
绮,120
專,120
惆,119
瞌,119
溶,119
總,118
颓,118
唷,118
笋,118
樊,117
磕,117
绞,117
荆,117
饲,117
惶,117
睦,117
埔,117
啲,117
艘,117
耿,117
旨,116
哋,116
栖,116
荔,115
續,115
懵,115
疮,115
彤,115
蒲,115
窑,115
揽,115
颐,115
炅,115
將,115
黯,114
瘋,114
黃,114
乓,114
窍,114
芹,114
媛,114
铮,114
惡,114
谍,113
羁,113
裝,113
甸,113
邵,113
順,113
嗦,113
卞,113
痹,112
裔,112
熄,112
懦,112
慘,112
□,112
崎,111
唾,111
倚,111
辫,111
懷,111
抒,111
汹,111
旷,111
梗,111
遣,111
戲,111
曳,110
皂,110
逅,110
圍,110
荟,110
妍,110
锣,109
歲,109
緊,109
員,109
颊,109
耸,109
噪,109
姊,109
猝,108
廖,108
匀,108
拙,108
￢,108
屿,108
秃,108
汕,108
悴,108
嘩,107
渗,107
靡,107
拧,107
亞,107
邂,107
啪,107
焊,107
憔,107
鸳,107
阮,106
巅,106
蜱,106
驳,106
糯,106
筆,106
缚,106
絲,106
書,106
崛,106
荫,106
嵋,106
卤,106
窜,105
柚,105
鳞,105
運,105
厲,105
骆,105
杉,105
聲,105
螂,105
伺,104
岚,104
涮,104
錢,104
冈,104
賓,104
胺,104
,104
囉,104
钝,104
鸯,104
梭,103
寥,103
憐,103
叙,103
羅,103
炭,103
獎,103
雙,103
嗝,103
猖,103
漪,103
隻,103
谛,103
衍,102
拱,102
岔,102
撇,102
倔,102
榄,102
斋,102
蕴,102
敞,102
驹,101
陽,101
俭,101
仨,101
晾,101
雖,101
嚏,101
絕,101
捆,101
栽,100
袅,100
識,100
浊,100
澎,100
８,99
⑦,99
遛,99
殡,99
怠,99
仑,99
掷,99
铐,98
狡,98
萎,98
腮,98
蚕,98
倪,98
華,98
隙,98
吝,98
淚,98
壤,98
痞,98
霹,97
仕,97
悯,97
嘱,97
麟,97
朕,97
揣,97
憧,96
拂,96
殇,96
攝,96
匠,96
诧,95
佘,95
寫,95
湃,95
萃,95
捍,95
籁,94
灼,94
屹,94
梵,94
憬,93
钮,93
棕,93
僚,93
娆,93
拢,93
咿,93
卵,93
嘀,93
樵,93
沛,93
妩,93
蜕,93
麗,93
橱,93
雳,92
滞,92
矜,92
遊,92
绊,92
蛊,92
雍,92
襟,92
離,91
沮,91
,91
拣,91
镶,91
迢,91
腦,91
洱,91
豬,91
唏,91
沥,91
甭,91
渝,91
槛,90
昕,90
轶,90
喀,90
繼,90
琦,90
卟,90
龍,90
戀,90
楷,90
钙,90
氰,90
阎,90
簿,89
坷,89
苛,89
逾,89
淳,89
〒,89
绚,88
亢,88
玮,88
計,88
狙,88
晗,88
暄,88
灣,88
哺,88
啕,88
瘤,88
蕊,88
觀,87
６,87
娼,87
烹,87
纶,87
刁,87
鐘,87
柬,87
髦,87
吽,87
撩,87
確,86
靜,86
寅,86
爲,86
冉,86
猕,86
褪,85
株,85
薰,85
暇,85
佟,85
選,85
噎,85
刃,85
簡,85
迄,85
黏,85
蟆,85
細,85
⑧,84
芋,84
袱,84
＾,84
褒,84
慷,84
渭,83
啰,83
蹋,83
弧,83
汀,83
溫,83
诋,83
團,83
芜,83
篱,83
榕,83
肋,83
錄,83
線,83
驯,83
牟,83
斧,82
沁,82
嵌,82
跤,82
髅,82
興,82
啼,82
楞,82
冕,82
遐,82
凋,82
翡,82
缀,82
＼,82
辙,82
晖,82
稣,82
業,82
烙,81
禄,81
龊,81
嗑,81
餓,81
骷,81
烘,81
芮,81
幢,81
烁,81
柄,81
創,81
偕,81
迦,81
疡,81
摞,80
殷,80
寇,80
焕,80
換,80
簽,80
衩,80
婪,80
週,80
嚇,80
婵,80
隧,80
嗒,80
噔,80
籽,80
︶,79
喳,79
腑,79
锵,79
柒,79
咫,79
函,79
琶,79
闫,79
聋,79
泯,79
〓,79
裆,79
鸠,79
喲,78
嘶,78
處,78
膛,78
廓,78
肮,78
藉,78
題,78
晤,78
淼,78
貝,78
頂,78
〉,78
酌,78
鹊,78
尹,78
梢,78
竿,78
棠,78
锯,78
栓,77
剁,77
垒,77
甫,77
曬,77
腳,77
,77
齊,77
酪,77
珉,77
螨,77
呶,77
衅,77
黍,77
怂,77
粑,76
龌,76
偎,76
惋,76
蝙,76
霓,76
養,76
雞,75
咄,75
衙,75
鳄,75
逞,75
扉,75
袄,75
猿,75
囡,75
蝠,75
淤,75
∶,75
惚,75
嬷,75
巩,75
撰,74
鹭,74
赎,74
稽,74
陡,74
馥,74
殃,74
沂,74
橄,74
┏,74
矢,74
骸,74
纬,74
奎,74
丞,73
賣,73
昼,73
妾,73
甥,73
討,73
蓦,73
壞,73
穹,73
糗,73
瑕,73
蟑,73
慶,73
芯,73
晦,72
酝,72
槟,72
芥,72
峙,72
咀,72
―,72
阱,72
嬉,72
趕,72
琵,72
腌,72
炊,72
藻,72
泱,72
馍,72
撮,72
漱,71
瞻,71
嚓,71
诛,71
谩,71
苒,71
谬,71
钗,71
戰,71
痨,71
蚀,71
魁,71
萤,71
辗,71
瓢,70
腚,70
菁,70
洽,70
窟,70
郝,70
嵩,70
帼,70
筐,70
绷,70
攘,70
孰,70
啬,70
菅,69
≦,69
,69
荤,69
Ｍ,69
噬,69
樟,69
堰,69
寐,69
侍,69
訓,69
酣,69
達,69
骁,69
Ｄ,69
痰,69
帜,69
極,68
決,68
復,68
汾,68
梧,68
吏,68
鹦,68
鏡,68
锈,68
姣,68
镯,68
飚,68
屬,68
蜷,68
蛀,68
骇,68
庇,67
阉,67
叩,67
頻,67
羲,67
隊,67
辖,67
茬,67
纺,67
喱,67
聞,67
鲸,67
Ｏ,66
鹉,66
擒,66
恸,66
數,66
匿,66
,66
較,66
矶,66
貴,66
哽,66
穗,66
笃,66
,66
遏,66
酋,66
肛,65
涧,65
≧,65
搵,65
卻,65
嗜,65
恪,65
掺,65
腩,65
課,65
跋,65
茉,65
姗,65
颅,65
镁,65
瞩,65
眩,65
璨,65
徙,64
鱿,64
獒,64
闽,64
兀,64
梓,64
桔,64
宛,64
俘,64
沽,64
肘,63
莺,63
霾,63
囚,63
钧,63
貼,63
撐,63
阑,63
嗚,63
啱,63
Ｔ,63
讪,63
睾,63
輸,63
彷,62
虔,62
邢,62
,62
韬,62
扳,62
,62
約,62
泸,62
珂,62
藝,62
妝,62
稠,61
伶,61
皎,61
掛,61
嬌,61
,61
燒,61
遁,61
硫,61
璀,61
赂,61
嗅,60
跷,60
厭,60
惮,60
疵,60
抿,60
蹂,60
燎,60
涤,60
溅,60
摹,60
祎,59
減,59
匡,59
堑,59
滤,59
〈,59
讼,59
荨,59
摺,59
躏,59
俐,59
爺,59
呻,59
汝,59
斓,58
,58
抉,58
猾,58
犒,58
萦,58
蟾,58
杖,58
昵,58
丙,58
盔,58
韭,58
娑,58
镕,58
忏,58
許,58
褐,58
罄,58
桩,58
潸,58
杞,58
倆,57
嗟,57
﹃,57
辦,57
孜,57
夭,57
咻,57
眾,56
鄂,56
亥,56
搀,56
迭,56
幹,56
墩,56
弛,56
晏,56
瞥,56
垢,56
詞,56
狈,56
熠,56
飲,56
禾,56
慵,55
Ｂ,55
,55
⑨,55
寰,55
哮,55
铸,55
惺,55
苯,55
調,55
,55
紀,55
弈,55
贊,55
龚,55
漢,55
鬓,55
煩,55
桦,55
钠,55
鸥,55
铝,55
铛,55
蛾,55
蜓,54
俸,54
禱,54
悶,54
貨,54
倫,54
亂,54
蔻,54
吭,54
吠,54
嗔,54
瑄,54
嚯,54
,54
顧,54
僻,54
酵,54
珑,54
濒,54
徨,53
菱,53
禧,53
赈,53
鞍,53
腆,53
厥,53
戮,53
崭,53
裏,53
預,53
藐,53
缤,53
鐵,53
盡,52
硝,52
亵,52
標,52
搶,52
烩,52
堅,52
,52
遲,52
柩,52
苔,52
擞,52
嬲,52
畸,52
搐,52
暈,52
醫,52
訴,52
秽,52
證,52
羚,51
蜻,51
餅,51
俨,51
猬,51
領,51
喆,51
谤,51
眺,51
參,51
義,51
棱,51
捎,51
琉,51
＿,51
彈,51
撬,51
耘,50
羹,50
驭,50
輕,50
勘,50
靈,50
涡,50
屉,50
習,50
卯,50
冶,50
珀,50
擂,50
稼,50
–,50
浒,50
藍,50
肴,50
慑,50
捻,50
郅,50
涎,50
館,49
樓,49
俪,49
隨,49
婊,49
踝,49
翟,49
瞰,49
陇,49
←,49
芊,49
勢,49
殘,49
讚,49
炙,49
吳,49
烨,49
扼,49
绰,49
羔,48
雜,48
蔼,48
宥,48
霭,48
筱,48
茎,48
祛,48
爾,48
愕,48
婧,48
玷,48
褶,48
轧,48
挎,48
吒,48
闵,48
噱,48
軍,48
⒉,48
哧,48
坍,48
蹿,47
缔,47
涼,47
睬,47
绸,47
哂,47
い,47
惘,47
腼,47
輯,47
蓓,47
笙,47
撅,47
瀚,47
粟,47
,47
圓,47
匕,47
孵,47
滕,47
赦,47
硅,47
擊,47
筛,47
枸,47
﹗,46
郡,46
魇,46
苇,46
劉,46
鴨,46
蘇,46
嘈,46
渎,46
贰,46
攰,46
斟,46
缭,46
※,46
峭,46
舊,46
隘,46
態,46
杳,46
糠,46
嬅,46
恙,46
尧,46
礁,46
噌,46
毋,46
钳,46
冢,45
棘,45
帷,45
傑,45
箍,45
璧,45
涝,45
蘸,45
韓,45
氨,45
桓,45
捨,45
鳝,45
棄,45
偉,45
樽,45
⒆,45
麵,45
摁,45
嗰,45
箩,45
幺,45
蔷,45
紙,45
蔫,45
雲,44
赃,44
诙,44
Ｎ,44
饵,44
鹃,44
產,44
補,44
組,44
鸵,44
檐,44
赘,44
獅,44
懊,44
诽,44
鮮,44
淅,44
舜,44
禺,44
嗖,44
馄,44
茗,44
Ａ,44
旖,44
訪,43
饕,43
秉,43
輪,43
顏,43
娅,43
谧,43
蕃,43
煜,43
妪,43
醬,43
鳥,43
蜈,43
價,43
宕,43
昊,43
類,43
竺,43
褥,43
奮,43
燈,43
薏,43
癞,43
斐,43
饨,43
椿,43
飽,43
脫,43
琥,43
啾,43
︿,42
娄,42
皿,42
赣,42
缪,42
π,42
峦,42
豌,42
額,42
戛,42
樹,42
瘟,42
練,42
,42
區,42
撸,42
喎,42
羨,42
Ｃ,42
讀,42
痔,42
沌,42
俑,42
剐,42
Ｓ,42
跺,42
袂,42
盎,41
倭,41
〖,41
秧,41
祠,41
蝈,41
矗,41
匮,41
雏,41
環,41
痱,41
膘,41
嚴,41
兢,41
蚣,41
術,41
聯,41
賽,41
詩,41
瘪,41
設,41
臼,41
岑,41
磋,41
﹑,41
窩,41
昙,41
潺,41
挞,40
須,40
壓,40
沱,40
費,40
煙,40
烯,40
峥,40
囤,40
譬,40
晟,40
诃,40
枷,40
碱,40
Ｐ,40
讹,40
瑚,40
,40
蘭,40
鬥,40
攸,40
啫,40
瞓,40
钾,39
鍋,39
⑸,39
歼,39
鄱,39
笆,39
阐,39
敗,39
爛,39
栎,39
壑,39
冀,39
兲,39
睐,39
搽,39
虏,39
釋,39
蠻,39
臺,39
邹,39
灶,39
砰,39
歐,38
〗,38
衲,38
凛,38
咆,38
賞,38
烽,38
貂,38
閃,38
辍,38
蟒,38
Ｖ,38
綿,38
苞,38
憶,38
赡,38
馁,38
町,38
荼,38
負,38
溯,38
莽,38
浚,37
邋,37
鍾,37
钊,37
膺,37
⑩,37
踵,37
轼,37
锄,37
幌,37
呓,37
咛,37
祟,37
斷,37
綠,37
顷,37
玑,37
焙,37
脯,37
拗,37
谂,37
悸,37
襄,37
⑶,37
毗,37
軒,37
蝗,36
榔,36
陰,36
曉,36
焖,36
濡,36
媲,36
勝,36
伱,36
黔,36
緣,36
犊,36
聰,36
論,36
牠,36
眈,36
評,36
敵,36
窖,36
葩,36
馊,36
虞,36
藥,36
槃,36
哔,36
唰,36
焗,36
脐,36
毓,36
瑾,36
驿,36
紊,36
鳖,36
侥,36
骡,36
炯,36
塊,36
鲇,36
淙,35
湍,35
陨,35
阜,35
遨,35
燭,35
褲,35
簇,35
お,35
娛,35
嚒,35
獨,35
刨,35
阪,35
茧,35
瑛,35
蛳,35
娣,35
蛰,35
賤,35
噴,35
骼,35
咐,35
載,35
榛,35
剽,35
鲤,35
卒,35
螳,35
⑷,35
楊,35
珈,35
憩,35
臆,35
绢,34
拈,34
庵,34
奄,34
聖,34
蹊,34
牦,34
緢,34
佼,34
蠕,34
铉,34
,34
,34
沖,34
旮,34
麓,34
膳,34
靥,34
簸,34
,34
,34
宸,34
槐,34
凿,34
骰,34
玖,34
滾,34
⑴,34
尋,34
渲,34
貧,34
⑵,34
亳,34
瘸,34
蜍,34
澹,34
恃,34
琅,34
抡,33
剿,33
涓,33
戾,33
牍,33
ノ,33
窿,33
擁,33
篡,33
茁,33
洼,33
,33
锺,33
怆,33
磷,33
鄭,33
巳,33
蓋,33
況,33
锥,33
芏,33
疹,33
龈,33
拴,33
,33
姝,32
遢,32
赳,32
島,32
飒,32
帧,32
痿,32
袒,32
芷,32
懿,32
邃,32
旯,32
淆,32
抨,32
粱,32
缆,32
讥,32
锌,32
汛,32
簧,32
蚓,32
湯,32
畴,32
隽,32
⑼,32
⒘,32
靶,32
尉,32
佈,32
Ｕ,31
餮,31
帚,31
窕,31
衛,31
璞,31
嵘,31
辘,31
栈,31
＊,31
曙,31
う,31
咎,31
尐,31
觞,31
孪,31
呤,31
邝,31
↓,31
氢,31
觑,31
蚯,31
钭,31
轺,31
麥,31
⒈,31
⑹,31
漉,31
據,31
隋,31
伎,31
暢,31
｀,31
岱,31
辄,30
,30
悖,30
驚,30
渍,30
蝦,30
説,30
掬,30
飕,30
笈,30
撂,30
挾,30
嗉,30
製,30
褂,30
狞,30
炽,30
彝,30
皈,30
閒,30
崴,30
純,30
⒎,30
碘,30
γ,30
ぷ,30
湟,30
丶,30
揚,29
窈,29
婦,29
,29
揾,29
邑,29
阀,29
砚,29
﹁,29
讳,29
ω,29
碼,29
嚕,29
噹,29
叱,29
⒌,29
莘,29
蘋,29
绫,29
胯,29
狰,29
咝,29
盹,29
榻,29
Ｋ,29
睽,29
黝,29
榮,29
饪,29
ㄦ,29
戡,29
匾,29
盂,29
＆,29
垣,29
腋,28
呲,28
榆,28
咭,28
陸,28
誌,28
舉,28
畢,28
犸,28
吣,28
沏,28
癮,28
冽,28
谀,28
滇,28
舵,28
膽,28
ん,28
栩,28
诬,28
Ｉ,28
雹,28
丟,28
寵,28
馗,28
沼,28
獸,28
,28
遞,28
忝,28
诩,28
龋,28
咣,28
粼,28
悻,28
鬱,27
灸,27
祁,27
啖,27
闆,27
蠍,27
葆,27
響,27
,27
砾,27
偌,27
翊,27
锝,27
潍,27
獻,27
碜,27
熨,27
撵,27
裘,27
氯,27
蚤,27
痊,27
糜,27
,27
珞,27
財,27
嘚,27
⒍,27
攞,27
婀,27
Ｇ,27
Ｅ,27
弩,27
贏,27
◎,27
臊,27
嗤,26
葉,26
埠,26
蹒,26
寧,26
蚪,26
胭,26
し,26
姹,26
戶,26
衝,26
誕,26
摒,26
陣,26
砒,26
誇,26
鼬,26
犁,26
邁,26
烷,26
噼,26
━,26
砌,26
護,26
濕,26
儘,26
⒊,26
⑺,26
呷,26
胄,26
託,26
銷,26
夥,26
掖,26
,26
跚,25
槍,25
迸,25
粵,25
○,25
騙,25
胚,25
箫,25
ー,25
鹑,25
嘹,25
砺,25
,25
柑,25
茱,25
绻,25
き,25
側,25
孬,25
⒏,25
搪,25
磐,25
鄉,25
眞,25
冏,25
盜,25
殓,25
勞,25
跻,25
霎,25
喋,25
岐,25
豉,25
な,25
鳳,25
匈,25
鬟,25
冼,25
釜,25
淄,25
懶,25
恺,25
阖,25
钵,25
異,24
談,24
菀,24
拄,24
曺,24
蠹,24
颦,24
踮,24
壽,24
镂,24
仟,24
愫,24
瞠,24
誒,24
,24
獭,24
沓,24
竣,24
夙,24
囍,24
缜,24
笺,24
跎,24
,24
,24
さ,24
職,24
恿,24
汲,24
欸,24
漩,24
鼙,24
皙,24
饬,24
⒋,24
熹,24
紹,24
吶,24
′,24
輝,24
渤,24
優,24
嘖,24
挝,24
穩,23
哐,23
遺,23
鲶,23
唆,23
笠,23
荃,23
檔,23
購,23
锂,23
蝌,23
缎,23
〔,23
並,23
,23
奂,23
恣,23
亍,23
酶,23
捋,23
嗄,23
憷,23
桀,23
殒,23
顆,23
瞟,23
胰,23
攥,23
鲈,23
炳,23
哏,23
岖,23
災,23
狀,23
叵,23
釉,23
娓,23
か,23
肓,23
黨,23
嘔,23
鋒,23
,23
⒐,23
軟,23
,23
洌,23
凍,23
濛,23
傢,23
隼,23
≈,23
賢,23
喑,23
忻,23
呒,23
豢,23
圃,23
,23
硪,23
豐,22
維,22
騰,22
蛔,22
,22
,22
跆,22
箴,22
阙,22
嘍,22
隱,22
鬆,22
鲫,22
敝,22
針,22
銀,22
闾,22
蟮,22
ㄒ,22
Ｒ,22
瓯,22
氮,22
叁,22
蹉,22
痧,22
歷,22
鼾,22
飾,22
郵,22
桨,22
忱,22
｝,22
黒,22
隅,22
苓,22
鳌,22
糾,22
踌,22
⑾,22
枭,22
烊,22
嚨,22
蛆,22
涣,22
犟,22
霏,22
橇,22
,22
颧,22
,22
蒽,22
戟,21
務,21
測,21
礴,21
■,21
锢,21
枢,21
跶,21
蚝,21
〕,21
瘴,21
峪,21
枇,21
锒,21
Ｈ,21
擀,21
誠,21
盅,21
邽,21
榉,21
適,21
侑,21
泠,21
鎖,21
√,21
ｉ,21
擺,21
で,21
淖,21
資,21
,21
Α,21
,21
躇,21
飨,21
砣,21
虛,21
绡,21
偃,21
憤,21
驸,21
鞘,21
掳,21
奧,21
溥,21
則,20
藩,20
蔗,20
琏,20
栾,20
裴,20
廁,20
覚,20
涪,20
鹽,20
誤,20
睑,20
é,20
虱,20
赁,20
铆,20
狒,20
皑,20
骋,20
閑,20
箕,20
蜢,20
⌒,20
屙,20
,20
慣,20
讷,20
≤,20
趸,20
險,20
氤,20
氲,20
稱,20
諒,20
婺,20
诲,20
｛,20
囗,20
荏,20
咂,20
雉,20
綫,20
稷,20
埸,20
◇,20
濑,20
,20
泓,20
噁,20
際,20
瞭,19
艋,19
亟,19
醺,19
纫,19
塾,19
掃,19
舛,19
唄,19
哚,19
叟,19
梆,19
哌,19
吮,19
翱,19
捺,19
诟,19
涸,19
宮,19
勵,19
锏,19
嫲,19
,19
と,19
崃,19
擔,19
蚱,19
瀛,19
莆,19
谗,19
劃,19
騷,19
≥,19
囔,19
蟲,19
徉,19
夾,19
⑻,19
⑽,19
聿,19
呙,19
議,19
ａ,19
驮,19
徜,19
伲,19
桴,19
枳,19
芫,19
ｙ,19
郴,19
癡,19
丕,19
苋,19
,19
儀,19
辕,19
鳗,19
蜥,19
亘,19
Γ,19
,19
萼,18
頓,18
牆,18
镀,18
譜,18
玥,18
っ,18
賀,18
栅,18
蚌,18
淺,18
簟,18
臃,18
鹌,18
,18
熔,18
註,18
ち,18
畀,18
ら,18
蟀,18
肅,18
钰,18
粕,18
Ｑ,18
莅,18
皋,18
苡,18
編,18
昶,18
菏,18
蹩,18
爭,18
咤,18
俠,18
禀,18
臻,18
瑙,18
媾,18
谄,18
赅,18
酚,18
潰,18
懑,18
岷,18
伫,18
镊,18
薦,18
⑿,18
歸,18
潦,18
,18
營,18
園,18
蜚,18
郸,18
獲,18
嫑,18
農,18
閉,18
汐,18
啄,18
晔,18
鲲,18
,18
煸,18
臧,18
甙,18
羌,18
颚,18
鬧,18
歆,18
蒼,17
,17
裱,17
垠,17
嗱,17
謂,17
谏,17
殆,17
犄,17
腱,17
倜,17
杷,17
凱,17
瞑,17
獗,17
頁,17
＇,17
搔,17
潢,17
琛,17
颱,17
ˇ,17
暫,17
擋,17
徹,17
驗,17
铿,17
羿,17
颌,17
佯,17
攪,17
纣,17
罂,17
膠,17
輩,17
谙,17
篆,17
弋,17
だ,17
遙,17
踞,17
秸,17
铡,17
睏,17
訂,17
珣,17
仃,17
橫,17
郏,17
迂,17
邯,17
騎,17
讧,17
孺,17
,17
峒,17
蕭,17
拚,17
奚,17
芪,17
蟠,17
揮,17
栀,17
麒,17
壯,17
誦,16
裟,16
酮,16
璋,16
諗,16
,16
坂,16
诳,16
糅,16
瘁,16
嘭,16
忡,16
胛,16
ˉ,16
ラ,16
谶,16
冊,16
霁,16
捱,16
,16
萋,16
毡,16
鳅,16
⒑,16
膚,16
Ｌ,16
泗,16
茏,16
┻,16
镰,16
缶,16
ｅ,16
規,16
遒,16
觊,16
觎,16
腸,16
,16
醯,16
氖,16
臨,16
陛,16
捯,16
詳,16
胱,16
蒿,16
缄,16
扪,16
す,16
玙,16
箸,16
冧,16
庶,16
,16
棟,16
誘,16
鄢,16
,16
,16
囝,16
罔,16
,16
齒,16
掸,16
醜,16
飄,16
豺,16
佰,16
掇,16
忿,16
纾,16
蕙,16
痉,16
鲵,16
垛,16
弑,16
,16
壕,15
袈,15
呔,15
綸,15
衢,15
陂,15
孚,15
囱,15
褓,15
㎡,15
槌,15
掣,15
賜,15
↖,15
燦,15
鹂,15
槿,15
跹,15
穑,15
翹,15
嬛,15
鑽,15
椤,15
炕,15
証,15
傾,15
盤,15
庹,15
禍,15
屆,15
襲,15
Ｊ,15
腫,15
谆,15
峋,15
紋,15
缈,15
ｃ,15
孫,15
滓,15
づ,15
谚,15
襯,15
,15
徕,15
玟,15
缰,15
唎,15
诘,15
,15
铂,15
∥,15
,15
戎,15
葭,15
酗,15
嗣,15
邸,15
缱,15
夯,15
湊,15
蛎,15
Ｙ,15
ｏ,15
蚵,15
瘙,15
瑪,15
脓,15
札,15
屍,15
撲,15
芡,14
舺,14
丨,14
迥,14
耄,14
顯,14
湮,14
钏,14
囿,14
↗,14
揸,14
,14
牒,14
傥,14
扈,14
晌,14
锰,14
淞,14
蜒,14
擇,14
,14
甑,14
砥,14
涞,14
萸,14
檀,14
賊,14
廢,14
铎,14
⊥,14
ま,14
胤,14
耷,14
,14
槭,14
蚶,14
卅,14
樑,14
怦,14
濟,14
瘀,14
揖,14
绦,14
吡,14
,14
,14
佻,14
鋼,14
骛,14
谑,14
,14
蜇,14
爐,14
酉,14
悭,14
,14
,14
簋,14
菡,14
彌,14
贲,14
,14
,14
廳,14
統,14
尓,14
緒,14
烬,14
麝,14
,14
嘣,14
,14
琨,14
杈,14
,14
龇,14
齁,14
暹,14
滅,14
複,14
聩,14
簌,14
佗,14
潲,14
廨,13
芨,13
採,13
,13
筵,13
呖,13
揩,13
襁,13
絡,13
廈,13
ズ,13
苌,13
侏,13
锃,13
诣,13
繫,13
恁,13
靳,13
蜿,13
芩,13
壬,13
,13
昱,13
蠟,13
迩,13
洙,13
檫,13
,13
澤,13
猓,13
谝,13
く,13
逵,13
庋,13
吔,13
れ,13
績,13
鵝,13
剌,13
诖,13
芟,13
濮,13
,13
ｔ,13
匍,13
匐,13
執,13
踉,13
戌,13
旌,13
ā,13
拋,13
橹,13
罵,13
層,13
瘆,13
彧,13
,13
悅,13
樾,13
硌,13
鹜,13
劾,13
ㄟ,13
鹈,13
槑,13
潋,13
滟,13
蔸,13
掴,13
恻,13
贻,13
ン,13
,13
,13
,13
焘,13
窮,13
ｈ,13
胂,13
趙,13
椋,13
缥,13
碴,13
瓮,13
蛐,13
冃,13
責,13
嗮,13
糍,13
挛,13
,13
§,13
锲,12
,12
駛,12
宦,12
,12
桉,12
羣,12
褚,12
伢,12
贮,12
め,12
铢,12
箔,12
,12
绛,12
,12
盃,12
仄,12
翌,12
溝,12
違,12
忖,12
,12
,12
祀,12
,12
納,12
監,12
趔,12
擾,12
,12
囂,12
積,12
瞿,12
妤,12
蜃,12
ｎ,12
舀,12
,12
阄,12
,12
饽,12
銅,12
岀,12
癜,12
鹄,12
,12
恥,12
∠,12
訊,12
吩,12
哝,12
璠,12
‵,12
踯,12
撚,12
,12
凇,12
荻,12
ǎ,12
宓,12
蠊,12
螅,12
儆,12
┲,12
垦,12
蛹,12
蓮,12
娲,12
跄,12
烏,12
怵,12
缢,12
,12
祺,12
恏,12
锚,12
荚,12
泞,12
孑,12
仞,12
膩,12
颍,12
娩,12
貅,12
蜴,12
蠛,12
,12
殁,12
蠡,12
濃,12
艮,12
骥,12
刪,12
昀,12
褔,12
賴,12
癲,12
Ｗ,12
薜,12
睢,12
浃,11
笥,11
裉,11
讣,11
缇,11
煨,11
⒓,11
舖,11
頫,11
惴,11
洹,11
怔,11
焱,11
飓,11
鲺,11
诿,11
讴,11
愠,11
馐,11
抻,11
觥,11
孖,11
柘,11
Д,11
診,11
啷,11
醛,11
杵,11
葚,11
怏,11
た,11
硗,11
,11
恆,11
え,11
樗,11
嬗,11
泵,11
榷,11
謊,11
ㄧ,11
僅,11
琬,11
鳟,11
は,11
頸,11
項,11
佔,11
,11
,11
,11
溟,11
唸,11
倌,11
嗌,11
诏,11
Ｘ,11
缙,11
芑,11
铨,11
,11
昇,11
筏,11
咴,11
竽,11
鹳,11
玺,11
廚,11
妊,11
芎,11
櫃,11
傣,11
苁,11
,11
慊,11
,11
擠,11
诎,11
蔺,11
ｖ,11
阈,11
菘,11
み,11
曜,11
肽,11
绉,11
岌,11
旎,11
舫,11
,11
镳,11
∞,11
,11
,10
閘,10
莊,10
蔣,10
Ⅱ,10
鏢,10
も,10
锕,10
赟,10
じ,10
頒,10
冗,10
缦,10
擤,10
衿,10
楣,10
镬,10
┯,10
龅,10
啉,10
煦,10
骐,10
笳,10
磺,10
撷,10
淬,10
礙,10
,10
綜,10
に,10
噓,10
岫,10
＃,10
寮,10
貪,10
蟊,10
冚,10
,10
犧,10
灑,10
こ,10
Ｆ,10
骜,10
雎,10
籠,10
Φ,10
,10
漳,10
,10
,10
,10
⒒,10
谯,10
匚,10
貢,10
芰,10
,10
覃,10
飧,10
囵,10
廠,10
蹑,10
鳕,10
粲,10
檳,10
淨,10
餸,10
镐,10
躅,10
薩,10
諧,10
曆,10
,10
倏,10
篓,10
ゃ,10
穫,10
脕,10
嚐,10
侶,10
偽,10
伉,10
獠,10
偈,10
㈠,10
瘠,10
锹,10
戕,10
蓟,10
,10
茴,10
よ,10
,10
÷,10
竦,10
痢,10
潔,10
変,10
♀,10
,10
┝,10
碣,10
鸨,10
侗,10
篝,10
胫,10
蟋,10
,10
窠,10
┳,10
搖,10
瘢,10
餃,10
嵇,10
徵,10
堃,10
钛,10
,10
轟,10
踱,9
臾,9
鹣,9
α,9
慮,9
駕,9
︰,9
夤,9
洩,9
癢,9
浔,9
纭,9
溉,9
驕,9
蛏,9
織,9
諾,9
帛,9
殂,9
鳴,9
蕖,9
鹫,9
噤,9
坯,9
劵,9
駿,9
噙,9
桢,9
撓,9
豇,9
釘,9
隍,9
钚,9
あ,9
そ,9
崂,9
饷,9
構,9
円,9
笸,9
魯,9
,9
,9
倖,9
佝,9
偻,9
濯,9
翳,9
蠓,9
簪,9
荠,9
犷,9
岬,9
薑,9
燮,9
ㄚ,9
鋈,9
﹣,9
诔,9
殄,9
ょ,9
唵,9
艷,9
溏,9
榈,9
嘌,9
啶,9
蓯,9
荪,9
耆,9
,9
祕,9
⒕,9
炆,9
炀,9
θ,9
劍,9
,9
楸,9
⒁,9
匣,9
が,9
逑,9
塵,9
婢,9
阂,9
苣,9
垚,9
,9
憂,9
灘,9
,9
,9
羸,9
,9
屄,9
嘗,9
吲,9
焐,9
,9
诓,9
榭,9
翎,9
魑,9
龜,9
蛟,9
襪,9
啮,9
肱,9
嗫,9
,9
崆,9
泷,9
詠,9
笞,9
塚,9
偲,9
稹,9
鬍,9
醴,9
,9
Ω,9
る,9
鸷,9
檢,9
蓿,9
,9
娉,9
痼,9
蛱,9
タ,9
刎,9
喈,9
,9
椭,9
△,9
赝,9
♂,9
鸪,9
酩,9
柞,8
,8
黾,8
滂,8
鹘,8
踽,8
谌,8
忪,8
壇,8
り,8
ダ,8
铱,8
,8
矇,8
鸾,8
鸢,8
胥,8
様,8
﹪,8
阍,8
谖,8
蹟,8
荀,8
銭,8
,8
絶,8
賠,8
鎏,8
綁,8
腓,8
趄,8
倬,8
菓,8
,8
レ,8
荞,8
诤,8
,8
袤,8
钨,8
辯,8
噉,8
ｓ,8
ｇ,8
笤,8
鷹,8
,8
餘,8
＠,8
焯,8
﹖,8
,8
,8
灞,8
圻,8
髻,8
鎮,8
缨,8
嗪,8
钕,8
,8
毀,8
馀,8
砦,8
,8
,8
,8
儲,8
損,8
嵬,8
幣,8
胗,8
筠,8
キ,8
袢,8
姒,8
殍,8
啞,8
恚,8
廋,8
鵬,8
У,8
イ,8
阒,8
颉,8
滢,8
銘,8
潛,8
喬,8
饅,8
谒,8
謙,8
镣,8
,8
孃,8
蒹,8
酯,8
,8
苊,8
檸,8
哞,8
俚,8
權,8
嗍,8
郧,8
刂,8
嶂,8
譁,8
竉,8
蹙,8
樺,8
筇,8
綺,8
〝,8
姦,8
阋,8
惱,8
狻,8
藿,8
,8
屮,8
睩,8
鹕,8
熘,8
郗,8
绥,8
漿,8
沅,8
踭,8
蘖,8
彥,8
噠,8
俣,8
锉,8
氟,8
№,8
篤,8
煊,8
〇,8
旳,8
诨,8
醍,8
刿,8
孀,8
暌,8
啜,8
,8
,8
痫,8
▔,8
鳍,8
篁,8
戍,8
啟,8
炷,8
,8
娠,8
眬,8
桠,8
,8
└,7
喚,7
鳎,7
歩,7
噫,7
鲟,7
瘘,7
,7
吇,7
锨,7
鈡,7
绌,7
猶,7
囹,7
濤,7
ぃ,7
齋,7
芾,7
萊,7
蹶,7
,7
,7
躍,7
巽,7
镌,7
晞,7
渥,7
,7
,7
錶,7
佚,7
皴,7
糧,7
齡,7
﹐,7
嶙,7
埂,7
ヾ,7
汨,7
ス,7
涫,7
┗,7
呋,7
桅,7
屛,7
,7
缮,7
醪,7
,7
罰,7
髋,7
饯,7
秆,7
⒖,7
臥,7
祗,7
苄,7
珩,7
歎,7
觯,7
谕,7
斛,7
喟,7
铠,7
妣,7
ǔ,7
謎,7
賺,7
虢,7
燙,7
虬,7
譯,7
鲮,7
轱,7
ε,7
钡,7
勰,7
莸,7
畈,7
ジ,7
範,7
軌,7
,7
覽,7
紗,7
聒,7
,7
蚬,7
,7
≡,7
,7
⒅,7
嫚,7
粢,7
闰,7
祢,7
陲,7
⒀,7
⒂,7
亊,7
麾,7
悌,7
貞,7
憑,7
懼,7
祯,7
て,7
嘬,7
刍,7
鄒,7
孓,7
姪,7
潤,7
韻,7
寬,7
骅,7
脍,7
笱,7
閙,7
¤,7
钿,7
﹂,7
ｐ,7
,7
≠,7
誐,7
濂,7
傘,7
ぼ,7
鮎,7
濠,7
笊,7
縫,7
懔,7
篦,7
囫,7
耒,7
泔,7
拮,7
僬,7
,7
牽,7
＄,7
築,7
镉,7
賭,7
鹾,7
兇,7
,7
磬,7
び,7
ｍ,7
肄,7
晩,7
蜊,7
〃,7
,7
ぁ,7
罡,7
溧,7
歁,7
奁,7
ｕ,7
塗,7
舶,7
阕,7
汃,7
釣,7
箏,7
鹧,7
殼,6
妗,6
嬰,6
迤,6
,6
è,6
棣,6
や,6
綦,6
ツ,6
嬴,6
豈,6
劑,6
棹,6
楫,6
阡,6
彀,6
堇,6
瓤,6
鏖,6
攫,6
栊,6
鈴,6
圩,6
漯,6
,6
蛩,6
顛,6
幡,6
莠,6
庾,6
氚,6
閱,6
韴,6
寳,6
畿,6
沤,6
ｌ,6
蓑,6
瀋,6
,6
耙,6
龃,6
尕,6
跡,6
涿,6
皺,6
撿,6
骝,6
裢,6
趺,6
笮,6
ば,6
岿,6
頑,6
嘧,6
虧,6
铤,6
覓,6
ナ,6
砭,6
鲎,6
,6
ｒ,6
妫,6
,6
胨,6
逡,6
撫,6
邘,6
裨,6
赊,6
,6
嫔,6
謀,6
浜,6
橋,6
馳,6
珺,6
尻,6
閚,6
汩,6
笫,6
楽,6
,6
邔,6
谔,6
豔,6
ね,6
∴,6
匯,6
,6
垭,6
闢,6
┨,6
,6
ㄖ,6
,6
喪,6
厶,6
腴,6
虻,6
揶,6
揄,6
,6
诒,6
鸬,6
朐,6
毖,6
,6
,6
徇,6
绨,6
祉,6
畲,6
錫,6
槎,6
蓁,6
牯,6
,6
貔,6
淩,6
炔,6
慾,6
缟,6
,6
,6
,6
秭,6
锇,6
籌,6
繩,6
狩,6
,6
楹,6
祐,6
趿,6
,6
,6
驄,6
Ρ,6
锷,6
,6
寤,6
跩,6
嘆,6
峩,6
,6
サ,6
λ,6
‖,6
媸,6
缛,6
チ,6
傭,6
Π,6
攵,6
纏,6
鋪,6
閪,6
瑤,6
萏,6
鄣,6
芄,6
衾,6
臁,6
瀾,6
啻,6
刽,6
挻,6
頗,6
茭,6
炝,6
孒,6
钤,6
貉,6
嘁,6
ｂ,6
醚,6
杲,6
κ,6
,6
,6
愎,6
驟,6
せ,6
奪,6
臘,6
嗞,6
垩,6
榧,6
螢,6
橛,6
┬,6
ρ,6
,6
镚,6
,6
穎,6
鹋,6
逫,6
艱,6
喙,6
濱,6
涔,6
,6
徳,6
,6
仵,6
骈,6
癔,6
ㄎ,6
噘,6
饩,5
逶,5
疱,5
擬,5
,5
ド,5
砼,5
戥,5
尒,5
殯,5
鍵,5
詢,5
狍,5
▲,5
緻,5
⒔,5
,5
跣,5
髧,5
榘,5
藒,5
澍,5
,5
鄰,5
骞,5
,5
渾,5
慚,5
搿,5
蚴,5
耪,5
ぎ,5
粳,5
郯,5
畘,5
嵐,5
氐,5
盁,5
錒,5
浬,5
湄,5
繹,5
鏟,5
珏,5
ざ,5
わ,5
黠,5
罷,5
,5
瀟,5
畹,5
嫘,5
邲,5
哙,5
ク,5
プ,5
舻,5
覀,5
碛,5
,5
,5
∫,5
,5
呂,5
哿,5
鳇,5
児,5
胝,5
獾,5
艿,5
瘐,5
绾,5
郦,5
窨,5
鞅,5
攤,5
鑼,5
镔,5
鳩,5
俅,5
碁,5
缁,5
Σ,5
,5
蟛,5
膻,5
雒,5
帔,5
,5
ⅰ,5
,5
,5
庠,5
唳,5
ご,5
髒,5
盧,5
乇,5
,5
ｗ,5
,5
譚,5
毂,5
磚,5
,5
,5
贈,5
錦,5
灝,5
盞,5
,5
｜,5
腭,5
┱,5
鲢,5
鴻,5
邬,5
饴,5
轫,5
ˊ,5
瀏,5
㊣,5
楓,5
舸,5
崮,5
瘛,5
馑,5
覅,5
硖,5
,5
貫,5
ㄉ,5
,5
佞,5
篑,5
痂,5
,5
á,5
シ,5
璜,5
纨,5
绔,5
摯,5
鸱,5
乂,5
泾,5
郾,5
獯,5
,5
暐,5
〞,5
鹞,5
砜,5
蠼,5
ｆ,5
漸,5
孳,5
辏,5
魍,5
霧,5
∵,5
,5
艦,5
錨,5
↑,5
繪,5
縮,5
墒,5
,5
斡,5
,5
硒,5
馔,5
嫱,5
邉,5
皖,5
憲,5
煒,5
逩,5
檎,5
フ,5
リ,5
渫,5
┘,5
銮,5
迴,5
協,5
痍,5
鍚,5
,5
枥,5
槲,5
潑,5
龉,5
,5
妲,5
痈,5
钅,5
澀,5
芘,5
唛,5
辇,5
,5
孛,5
凵,5
蹇,5
莮,5
膈,5
嚄,5
籲,5
φ,5
鸸,5
霰,5
颀,5
佶,5
厠,5
嘮,5
肟,5
,5
獴,5
窆,5
蹴,5
,5
▓,5
羰,5
跛,5
,5
铪,5
欄,5
,5
矽,5
唻,5
勳,5
髯,5
,5
,5
蠅,5
翀,5
矚,5
,5
珐,5
摟,5
阊,5
逰,5
茕,5
,5
罱,5
秪,5
醐,5
椴,5
,5
遜,5
鏈,5
酊,5
璟,5
恹,4
,4
鍪,4
紐,4
唁,4
,4
麸,4
ì,4
饒,4
瓏,4
脅,4
,4
ニ,4
耋,4
祼,4
俎,4
Ⅰ,4
舐,4
奬,4
颔,4
圄,4
竳,4
畎,4
審,4
,4
叢,4
瑣,4
倨,4
酆,4
戆,4
Τ,4
怼,4
Ⅲ,4
鳊,4
療,4
,4
舷,4
闩,4
Р,4
湎,4
荑,4
蹁,4
閩,4
昝,4
岜,4
曖,4
愆,4
,4
ソ,4
谇,4
铧,4
辭,4
钋,4
阚,4
缋,4
樨,4
テ,4
ビ,4
蕨,4
琍,4
郞,4
狷,4
颢,4
氵,4
ξ,4
,4
勛,4
甬,4
掼,4
抺,4
粋,4
ケ,4
黐,4
驷,4
轲,4
,4
唢,4
碉,4
,4
,4
纂,4
浐,4
簦,4
砀,4
捌,4
圧,4
,4
癯,4
,4
酃,4
菹,4
逪,4
奘,4
競,4
芍,4
,4
戊,4
呉,4
痠,4
馏,4
,4
歺,4
鷄,4
阆,4
蛄,4
潞,4
埽,4
憫,4
敕,4
觐,4
璩,4
販,4
煉,4
齣,4
,4
幄,4
ň,4
嘜,4
籤,4
凫,4
,4
苤,4
ト,4
徑,4
閤,4
桖,4
猡,4
滦,4
辮,4
ǜ,4
僳,4
苕,4
艄,4
,4
ㄊ,4
,4
砩,4
谡,4
駝,4
鴛,4
,4
薢,4
嫡,4
ㄌ,4
酰,4
,4
,4
邿,4
踫,4
剋,4
脋,4
,4
А,4
ロ,4
笪,4
鄧,4
┦,4
廂,4
绱,4
逋,4
汊,4
剝,4
へ,4
鳙,4
苷,4
蘆,4
,4
,4
鄀,4
嫋,4
麂,4
,4
,4
,4
遽,4
遱,4
煳,4
绲,4
,4
,4
睜,4
樯,4
,4
驥,4
,4
ｚ,4
Ｚ,4
魉,4
莨,4
諸,4
,4
儍,4
氆,4
氇,4
俜,4
薹,4
逭,4
˙,4
ル,4
隠,4
尷,4
曛,4
ァ,4
蹤,4
吋,4
砗,4
镞,4
邡,4
闋,4
ィ,4
乩,4
餵,4
餬,4
玓,4
蟻,4
趵,4
翕,4
塢,4
疊,4
洄,4
遶,4
裥,4
灬,4
疋,4
,4
鸶,4
胔,4
骧,4
つ,4
龛,4
鞑,4
鉸,4
ぽ,4
辚,4
鲑,4
,4
г,4
,4
糨,4
,4
銈,4
夂,4
疟,4
匦,4
忤,4
,4
塲,4
,4
紛,4
飆,4
,4
髜,4
,4
摑,4
,4
Ч,4
遑,4
菖,4
镭,4
莴,4
酽,4
荊,4
ㄏ,4
愦,4
恫,4
ほ,4
,4
稞,4
绺,4
逴,4
撻,4
粜,4
邅,4
,4
ぶ,4
ど,4
瞺,4
砝,4
蓖,4
,4
鐙,4
ｄ,4
蛭,4
蓼,4
,4
,4
,4
げ,4
嫒,4
啭,4
ˋ,4
桧,4
毽,4
芴,4
刈,4
牖,4
幔,4
,4
峁,4
汞,4
,4
庖,4
肀,4
,4
剎,4
,4
跘,4
歓,4
,4
悱,4
″,4
邰,4
珮,4
铣,4
唿,4
佧,4
酹,4
菽,4
篙,4
セ,4
,4
禇,4
゜,4
螯,4
鲦,4
铬,4
鸫,4
聳,4
,4
蝕,4
缌,4
ê,4
孢,4
闶,4
湉,4
僖,4
冭,4
グ,4
胍,4
鲞,4
鏘,4
锭,4
鑒,4
佌,4
,4
镛,4
β,3
蕞,3
陬,3
镏,3
衭,3
篪,3
咼,3
礅,3
ろ,3
笄,3
稔,3
餡,3
僭,3
,3
ɑ,3
馕,3
,3
姘,3
,3
濫,3
,3
,3
,3
綵,3
,3
愜,3
锪,3
軸,3
聾,3
∈,3
蛴,3
瓴,3
氹,3
頹,3
氅,3
δ,3
眦,3
,3
,3
┍,3
,3
汚,3
邨,3
攬,3
ゆ,3
芃,3
遴,3
,3
エ,3
,3
诰,3
櫥,3
蚧,3
,3
昰,3
裰,3
,3
喫,3
皲,3
,3
崗,3
氪,3
鎗,3
劬,3
刖,3
縣,3
,3
,3
駅,3
鹗,3
,3
筮,3
蚋,3
癩,3
,3
粧,3
袓,3
菂,3
瑩,3
絨,3
,3
眭,3
癱,3
旆,3
増,3
ミ,3
谟,3
郜,3
纞,3
毎,3
,3
,3
遧,3
逿,3
讫,3
馓,3
诌,3
,3
袆,3
鲋,3
鲛,3
銳,3
缡,3
オ,3
賦,3
翦,3
绶,3
,3
莩,3
搧,3
,3
,3
傩,3
顫,3
苜,3
朶,3
癒,3
谲,3
涐,3
沵,3
瘡,3
碚,3
,3
,3
à,3
愀,3
耦,3
蠖,3
,3
,3
噃,3
帳,3
揀,3
秣,3
疃,3
睨,3
録,3
ι,3
嶺,3
鹚,3
骟,3
谘,3
氽,3
啓,3
㈢,3
祇,3
爰,3
衆,3
舨,3
臟,3
遷,3
撺,3
瀪,3
⒃,3
⒄,3
袼,3
,3
蛉,3
荸,3
鎬,3
,3
挲,3
,3
,3
尛,3
暁,3
淦,3
浯,3
ㄛ,3
苾,3
,3
眇,3
ο,3
,3
谠,3
遟,3
斈,3
鰻,3
岽,3
簾,3
桜,3
跽,3
嫵,3
饣,3
撥,3
漕,3
Υ,3
膑,3
鹆,3
荛,3
瞇,3
蕩,3
σ,3
,3
鸧,3
鈔,3
槔,3
,3
孱,3
獬,3
惗,3
珲,3
,3
鉄,3
,3
靂,3
踾,3
ǖ,3
ψ,3
彡,3
,3
俶,3
,3
跖,3
覔,3
償,3
闊,3
,3
痲,3
埼,3
徴,3
緩,3
潼,3
骶,3
骠,3
煺,3
罴,3
,3
裼,3
癣,3
嘠,3
岡,3
,3
嚮,3
镘,3
,3
崧,3
炻,3
芔,3
邇,3
捭,3
鬯,3
,3
鏊,3
鈍,3
廟,3
煅,3
氡,3
兞,3
譴,3
沣,3
峄,3
榱,3
蛞,3
,3
甏,3
礎,3
,3
醣,3
㈡,3
痦,3
疽,3
鲳,3
,3
,3
,3
綍,3
殭,3
脒,3
麋,3
芗,3
苎,3
蚰,3
掙,3
桎,3
∽,3
,3
桡,3
楔,3
緯,3
悃,3
稗,3
,3
∮,3
倉,3
ぺ,3
ブ,3
湧,3
锟,3
邳,3
胴,3
,3
钎,3
鄹,3
ザ,3
蟪,3
邛,3
憊,3
,3
怛,3
奤,3
汆,3
,3
鶴,3
攔,3
緋,3
漁,3
觖,3
逷,3
懲,3
烔,3
,3
,3
а,3
,3
榖,3
笾,3
ｋ,3
ゼ,3
,3
癸,3
雫,3
蘅,3
,3
玎,3
逥,3
笕,3
,3
娭,3
毑,3
髀,3
胼,3
铰,3
聼,3
捜,3
龐,3
気,3
彿,3
ㄍ,3
乸,3
槤,3
扥,3
诹,3
,3
搡,3
哊,3
,3
暾,3
薅,3
遈,3
捲,3
锑,3
甯,3
産,3
誼,3
钆,3
楦,3
袷,3
錾,3
,3
蔥,3
,3
侔,3
兊,3
侉,3
В,3
艽,3
蚜,3
曱,3
偢,3
﻿,3
卣,3
韋,3
鱉,3
,3
蛑,3
,3
羧,3
,3
,3
杼,3
淒,3
隸,3
腇,3
,3
経,3
,3
懸,3
嗥,3
嘥,3
檯,3
貳,3
邺,3
摈,3
┪,3
呎,3
撈,3
,3
磣,3
▁,3
讠,3
膥,3
ェ,3
,3
阢,3
箜,3
蛲,3
侩,3
勐,3
県,3
镙,3
滷,3
対,3
僑,3
鑑,3
呣,3
ɡ,3
⒚,3
赉,3
逯,3
吥,3
鸲,3
墮,3
蓠,3
,3
榚,3
饫,3
簏,3
鬃,3
浵,3
沆,3
瀣,3
鮑,3
旵,3
棂,3
滘,3
莔,3
コ,3
嫫,2
熳,2
綻,2
,2
夲,2
俳,2
∕,2
埗,2
噂,2
,2
╤,2
螫,2
藠,2
翥,2
舴,2
庥,2
,2
,2
囃,2
寢,2
唼,2
,2
,2
Ц,2
缒,2
隳,2
漲,2
饧,2
,2
訧,2
縂,2
,2
輔,2
梼,2
葺,2
涀,2
銐,2
丬,2
〆,2
С,2
弼,2
￠,2
逽,2
愽,2
赜,2
偓,2
佺,2
邍,2
┛,2
酢,2
鳜,2
遚,2
柰,2
旂,2
╬,2
垆,2
櫵,2
,2
,2
琽,2
闖,2
,2
粍,2
寯,2
駁,2
,2
臄,2
餍,2
銎,2
兘,2
鲂,2
媧,2
畾,2
,2
犰,2
宄,2
,2
堙,2
癆,2
,2
ぴ,2
,2
椂,2
蘱,2
硼,2
塥,2
緬,2
蹺,2
襾,2
,2
渑,2
菔,2
岢,2
靛,2
绐,2
峣,2
彗,2
緝,2
茑,2
洃,2
瘓,2
ハ,2
廰,2
詁,2
∨,2
昃,2
钣,2
瀍,2
幇,2
,2
邆,2
,2
锛,2
菥,2
牝,2
缐,2
ず,2
乀,2
烀,2
メ,2
瀌,2
奨,2
,2
镲,2
賬,2
侪,2
钺,2
鹹,2
朲,2
颳,2
莖,2
嗾,2
戯,2
薈,2
┓,2
,2
,2
,2
従,2
,2
,2
頩,2
砬,2
鋵,2
矏,2
ｘ,2
怙,2
獄,2
釁,2
峇,2
镝,2
攜,2
脳,2
┖,2
,2
,2
∧,2
,2
,2
轄,2
崢,2
凉,2
┩,2
睥,2
帯,2
ㄝ,2
瑨,2
ヽ,2
,2
裾,2
,2
,2
砟,2
,2
,2
㈣,2
㈥,2
敎,2
筻,2
澟,2
髄,2
懞,2
枱,2
狲,2
靼,2
,2
,2
墻,2
薮,2
デ,2
┅,2
铩,2
ζ,2
彊,2
慯,2
邙,2
僞,2
勖,2
瓒,2
剜,2
偾,2
丄,2
嶌,2
遹,2
蜉,2
,2
鍊,2
繃,2
甓,2
,2
鯊,2
,2
猗,2
穰,2
邚,2
铞,2
踔,2
瑆,2
‰,2
镟,2
駐,2
笏,2
詭,2
肷,2
彔,2
詐,2
毜,2
鉑,2
,2
鉚,2
裊,2
菈,2
貶,2
縱,2
轳,2
,2
,2
≌,2
竾,2
鈿,2
孿,2
檄,2
暉,2
魷,2
烚,2
,2
踐,2
,2
懆,2
,2
棲,2
諜,2
罒,2
誹,2
┠,2
枋,2
缫,2
鞔,2
Ы,2
娈,2
併,2
飤,2
渌,2
ぐ,2
脹,2
鋐,2
歳,2
嵯,2
,2
栉,2
莑,2
哓,2
,2
訢,2
匝,2
鹇,2
昐,2
逨,2
斬,2
燉,2
脡,2
諺,2
亓,2
腷,2
糞,2
彳,2
,2
佃,2
捽,2
嵊,2
,2
惇,2
鞫,2
遄,2
湔,2
筼,2
筜,2
,2
┕,2
,2
,2
,2
糁,2
搴,2
襇,2
,2
桿,2
遃,2
抔,2
烃,2
蓍,2
,2
躪,2
闼,2
巖,2
ゴ,2
缂,2
貭,2
禦,2
伂,2
晝,2
,2
燹,2
赓,2
ヘ,2
駡,2
牤,2
葜,2
鄄,2
捳,2
,2
箪,2
賈,2
兂,2
鯓,2
繋,2
砧,2
伥,2
,2
掹,2
殚,2
椟,2
,2
ㄐ,2
粿,2
,2
,2
韪,2
锩,2
∪,2
砷,2
ゲ,2
乄,2
黟,2
勍,2
铖,2
厓,2
傈,2
ム,2
荩,2
蘿,2
蔔,2
骘,2
褛,2
,2
驅,2
莼,2
鬅,2
煟,2
麅,2
軅,2
,2
廝,2
馴,2
黙,2
渚,2
浰,2
瑭,2
,2
餒,2
椽,2
煕,2
,2
诜,2
譲,2
蠫,2
鼐,2
疝,2
廴,2
壅,2
齑,2
鯪,2
逳,2
,2
,2
掮,2
竜,2
飏,2
丷,2
,2
,2
磽,2
,2
,2
遬,2
,2
ヅ,2
,2
邈,2
琗,2
階,2
ア,2
謠,2
鸹,2
,2
厍,2
濉,2
蚐,2
逤,2
禪,2
旸,2
洵,2
虮,2
﹕,2
斫,2
霢,2
霂,2
巭,2
圉,2
,2
絆,2
哕,2
畊,2
玹,2
珰,2
碋,2
嫰,2
ヤ,2
闳,2
刵,2
尅,2
︵,2
跫,2
冪,2
,2
荽,2
疖,2
搣,2
藓,2
℅,2
ü,2
锱,2
掟,2
,2
χ,2
碇,2
,2
啩,2
繞,2
,2
瑁,2
暝,2
佷,2
缑,2
瓘,2
舂,2
虺,2
紘,2
纰,2
觳,2
琇,2
呠,2
け,2
濄,2
娔,2
鳏,2
赀,2
氩,2
Ⅳ,2
朩,2
忛,2
,2
璎,2
弭,2
鴦,2
泮,2
尜,2
荜,2
襖,2
脷,2
,2
魈,2
馇,2
麄,2
胪,2
杓,2
篼,2
枞,2
鯇,2
瞜,2
疣,2
腎,2
躱,2
虿,2
遫,2
褰,2
,2
甴,2
醻,2
,2
迨,2
ｊ,2
ぞ,2
,2
墜,2
瘊,2
柽,2
捊,2
庒,2
戬,2
蹚,2
瑖,2
滲,2
,2
钴,2
僕,2
,2
茌,2
謾,2
∏,2
±,2
騏,2
趨,2
哳,2
媪,2
鞯,2
з,2
籣,2
璷,2
,2
,2
籐,2
鹬,2
钜,2
胙,2
ò,2
,2
硐,2
聃,2
葳,2
,2
,2
苈,2
喼,2
枘,2
,2
熒,2
,2
藞,2
堀,2
仚,2
,2
庫,2
躝,2
磲,2
鼕,2
髁,2
О,2
祚,2
侖,2
踎,2
,2
旻,2
,2
俟,2
蚺,2
翮,2
尙,2
匁,2
窸,2
,2
徂,2
,2
,2
缬,2
芈,2
犴,2
,2
苫,2
躉,2
ガ,2
啁,2
枵,2
縗,2
篌,2
琒,2
孮,2
,2
饉,2
,2
鑊,2
,2
攉,2
,2
,2
辶,2
蠱,2
,2
﹡,2
﹠,2
﹩,2
鹪,2
鹩,2
ㄇ,2
钒,2
柵,2
,2
泶,2
窬,2
肫,2
υ,2
煑,2
傪,2
,2
咾,2
,2
钔,2
マ,2
懇,2
晉,2
鬚,2
柙,2
晳,2
嬢,2
墳,2
斃,2
痩,2
缧,2
殤,2
蹽,2
攮,2
亻,2
轭,2
遉,2
,2
卮,2
,2
爻,2
屐,2
凈,2
媵,2
踟,2
殢,2
櫻,2
萑,2
茯,2
ユ,2
疥,2
燚,2
僝,2
僽,2
鐲,2
,2
擴,2
抟,2
鏗,2
莒,2
,2
,2
鞣,2
洇,2
,2
晷,2
╥,2
,2
谵,2
彎,2
骓,2
詆,2
铊,2
蜮,2
Ξ,2
ゞ,2
遅,2
湩,2
犍,2
羓,2
洎,2
豜,2
豭,2
,2
嬪,2
,2
遪,2
矾,2
帱,2
浀,2
訾,2
昴,2
詾,2
ㄜ,2
疴,2
鏻,2
,2
奀,2
扌,2
嘰,2
,2
,2
饞,2
龔,2
陧,2
,2
钸,2
纡,2
塬,2
赧,2
榍,2
湫,2
厝,2
颛,2
臅,2
滯,2
喁,2
,2
琤,2
琮,2
璿,2
█,2
碩,2
鲅,2
,2
,2
滁,2
瑫,2
蓗,2
讦,2
蝼,2
钽,2
壺,2
喨,2
荅,2
皞,2
,2
,1
阌,1
臇,1
唒,1
í,1
ú,1
唑,1
旣,1
鈣,1
髫,1
鮄,1
熵,1
謹,1
ネ,1
浿,1
銍,1
裣,1
紽,1
諷,1
,1
腠,1
焓,1
,1
鍩,1
,1
紮,1
痖,1
銦,1
猷,1
鎊,1
頌,1
ぜ,1
釙,1
唅,1
虓,1
価,1
,1
忲,1
馼,1
,1
,1
Χ,1
樍,1
鉨,1
犇,1
饌,1
,1
,1
,1
墉,1
,1
盱,1
眙,1
藜,1
垬,1
娙,1
,1
峽,1
鶯,1
搥,1
彆,1
勸,1
崈,1
噋,1
煱,1
嫜,1
潁,1
‥,1
├,1
锼,1
褈,1
讍,1
嵛,1
瞽,1
鵰,1
,1
渋,1
綽,1
腡,1
貍,1
圏,1
扱,1
揼,1
,1
泟,1
宨,1
洺,1
柸,1
黴,1
譆,1
竪,1
磴,1
,1
潻,1
蒐,1
鍛,1
踴,1
谪,1
翤,1
徔,1
,1
喹,1
戦,1
侴,1
迕,1
艨,1
,1
嵲,1
珢,1
貙,1
ャ,1
尳,1
禆,1
懗,1
圗,1
毆,1
誅,1
镗,1
莣,1
憍,1
诼,1
獈,1
,1
撀,1
牭,1
蝟,1
蹅,1
儽,1
硚,1
,1
诂,1
膍,1
収,1
嵨,1
,1
穸,1
狎,1
彙,1
儷,1
貎,1
剡,1
蟸,1
曚,1
浠,1
,1
灔,1
矸,1
锿,1
銖,1
匏,1
,1
艟,1
仐,1
餻,1
阧,1
腈,1
鲱,1
浻,1
烱,1
腝,1
蔭,1
鱟,1
巿,1
猢,1
骺,1
⒗,1
欵,1
∷,1
Μ,1
琭,1
佀,1
,1
扃,1
锆,1
锊,1
筌,1
,1
峤,1
恽,1
蚍,1
摡,1
獷,1
儺,1
酀,1
汴,1
誡,1
砘,1
鬏,1
豑,1
殻,1
箇,1
菪,1
炞,1
艶,1
晸,1
硣,1
铳,1
遡,1
漖,1
篠,1
嶋,1
斂,1
骱,1
ⅲ,1
鱥,1
畦,1
豊,1
猋,1
,1
,1
癥,1
滄,1
滙,1
脘,1
邏,1
ホ,1
茛,1
儗,1
氙,1
呿,1
圇,1
弁,1
鞥,1
飖,1
遀,1
泫,1
饝,1
﹔,1
奌,1
,1
τ,1
衽,1
筚,1
躧,1
,1
埓,1
鋱,1
瑢,1
鞦,1
鹱,1
鵪,1
鶉,1
翚,1
翬,1
ǘ,1
硎,1
,1
伝,1
,1
檠,1
ピ,1
醅,1
,1
,1
饋,1
霑,1
鉗,1
澘,1
鋜,1
茺,1
,1
钪,1
喞,1
骊,1
,1
衞,1
┑,1
荕,1
痾,1
萜,1
,1
貮,1
栘,1
颴,1
棧,1
舎,1
邩,1
觴,1
諱,1
伋,1
镒,1
,1
膿,1
茈,1
彅,1
欷,1
篾,1
鑪,1
訥,1
Ш,1
,1
缯,1
竓,1
瀉,1
軡,1
,1
Х,1
曠,1
陞,1
詛,1
呑,1
罾,1
昉,1
饗,1
,1
矔,1
鎧,1
燻,1
蓆,1
爝,1
緦,1
鈞,1
◣,1
◥,1
腣,1
ヨ,1
,1
釐,1
巯,1
梏,1
紥,1
锸,1
鯠,1
璫,1
獐,1
菆,1
潽,1
铀,1
缃,1
,1
螟,1
亀,1
佁,1
邜,1
蹔,1
,1
逄,1
疸,1
艏,1
褼,1
刋,1
峜,1
蝤,1
瓠,1
螓,1
寑,1
荇,1
豕,1
啋,1
堔,1
,1
硾,1
袃,1
薔,1
譽,1
蘼,1
,1
祂,1
褴,1
飼,1
矍,1
铄,1
陟,1
ㄨ,1
ㄞ,1
鋫,1
㈤,1
㈦,1
丒,1
辢,1
洶,1
↘,1
↙,1
嶽,1
畱,1
隂,1
弾,1
珥,1
貿,1
蔊,1
陝,1
藗,1
纛,1
璽,1
轸,1
,1
,1
汙,1
┐,1
豎,1
钐,1
ゝ,1
泅,1
,1
蠽,1
,1
坲,1
锗,1
崚,1
椹,1
牾,1
蝓,1
濬,1
葦,1
蝮,1
懋,1
韨,1
瓐,1
璉,1
欖,1
茼,1
∝,1
嫐,1
熾,1
貋,1
唞,1
鲃,1
,1
啝,1
銱,1
呺,1
茍,1
鏞,1
铑,1
,1
趹,1
鼔,1
亾,1
,1
樫,1
,1
擢,1
虅,1
徬,1
懐,1
玠,1
諭,1
炟,1
瑊,1
垯,1
瓈,1
,1
莻,1
仝,1
鰲,1
竇,1
実,1
屺,1
粝,1
ǒ,1
,1
歃,1
壘,1
耂,1
挃,1
夻,1
襼,1
蹓,1
閹,1
讉,1
煐,1
巒,1
,1
錮,1
耔,1
牶,1
韣,1
,1
湜,1
囁,1
畑,1
瞞,1
轆,1
ㄈ,1
窺,1
嶇,1
疠,1
焼,1
韲,1
鍑,1
怄,1
灟,1
钲,1
嬸,1
嗆,1
袪,1
螞,1
渉,1
岙,1
緛,1
矐,1
撌,1
埜,1
,1
,1
萁,1
磞,1
ヶ,1
駱,1
菛,1
兟,1
矬,1
鬀,1
譹,1
﹌,1
飭,1
栴,1
杮,1
,1
蝣,1
鎭,1
稲,1
寀,1
繒,1
蜾,1
焜,1
脩,1
,1
摗,1
莾,1
葌,1
,1
鸩,1
,1
,1
,1
媗,1
,1
撘,1
,1
瓿,1
荭,1
礦,1
胬,1
鋰,1
踅,1
臬,1
髭,1
,1
圹,1
衄,1
儋,1
閞,1
╉,1
蓥,1
锍,1
驧,1
,1
,1
蠋,1
,1
薨,1
酔,1
,1
,1
黢,1
寛,1
,1
铗,1
氘,1
,1
娝,1
鈤,1
抜,1
鬢,1
倮,1
髌,1
,1
桷,1
樋,1
縛,1
鸰,1
珡,1
鋨,1
锶,1
睞,1
抃,1
坼,1
,1
嬤,1
髸,1
韽,1
埫,1
緞,1
衺,1
慟,1
┥,1
瞋,1
馃,1
╱,1
╲,1
哶,1
,1
朮,1
,1
垡,1
,1
濰,1
郤,1
,1
敫,1
,1
邒,1
尩,1
埵,1
,1
囟,1
脛,1
辻,1
呬,1
搦,1
駙,1
浄,1
爨,1
,1
杪,1
偵,1
儉,1
,1
п,1
е,1
р,1
歴,1
妁,1
祱,1
杧,1
,1
,1
,1
,1
腨,1
嚛,1
,1
岵,1
鷡,1
,1
,1
銵,1
骽,1
僮,1
罨,1
,1
,1
,1
罅,1
縖,1
漤,1
,1
溆,1
搤,1
癤,1
玡,1
祿,1
瑹,1
,1
脣,1
鄺,1
,1
秕,1
曷,1
髈,1
バ,1
┤,1
舳,1
圊,1
,1
肶,1
,1
,1
鴉,1
誨,1
拊,1
粞,1
邖,1
聦,1
婱,1
绀,1
牀,1
脟,1
魟,1
鲷,1
圜,1
鳃,1
雸,1
遰,1
,1
н,1
脮,1
瑗,1
渦,1
呮,1
趆,1
墾,1
迮,1
鞴,1
悵,1
阏,1
垼,1
繽,1
団,1
饑,1
艉,1
褡,1
氈,1
懺,1
┎,1
曵,1
赭,1
脝,1
柮,1
,1
嬖,1
姷,1
腏,1
モ,1
ぱ,1
逧,1
嵗,1
菍,1
懧,1
ㄅ,1
尨,1
蔂,1
懥,1
狨,1
迋,1
▼,1
謬,1
,1
坩,1
瓇,1
壊,1
裇,1
埝,1
嗙,1
唖,1
姸,1
,1
ě,1
を,1
摭,1
粯,1
鱺,1
顠,1
撙,1
,1
搋,1
澧,1
岣,1
,1
劏,1
騿,1
,1
鈓,1
ó,1
ゅ,1
П,1
,1
ㄓ,1
禿,1
縯,1
,1
﹫,1
,1
诮,1
笌,1
,1
鴕,1
劓,1
,1
堗,1
ヌ,1
澆,1
伬,1
,1
ō,1
鰥,1
仳,1
麪,1
済,1
効,1
荦,1
,1
,1
傀,1
儡,1
嚸,1
槁,1
堠,1
堻,1
涙,1
ッ,1
庅,1
圢,1
扙,1
∑,1
д,1
箅,1
墀,1
謵,1
楮,1
べ,1
瑸,1
兌,1
仡,1
垅,1
菤,1
狹,1
仂,1
薡,1
∣,1
鰤,1
裎,1
髏,1
,1
,1
б,1
齙,1
屻,1
渃,1
鐮,1
,1
,1
幗,1
梟,1
,1
鹛,1
嘏,1
玦,1
誑,1
▉,1
褻,1
膰,1
錘,1
⒛,1
禸,1
┄,1
,1
脦,1
忾,1
ウ,1
絃,1
,1
鍮,1
崀,1
孭,1
嵴,1
糬,1
訖,1
爿,1
穨,1
萘,1
嵶,1
澞,1
鸚,1
鵡,1
扦,1
揿,1
轹,1
Ψ,1
顔,1
,1
鐍,1
荌,1
埰,1
乁,1
鄞,1
罊,1
嚱,1
煥,1
岘,1
骢,1
锴,1
悛,1
崾,1
哖,1
耨,1
茿,1
諻,1
諦,1
巔,1
旄,1
韫,1
,1
饔,1
龆,1
孌,1
庑,1
ポ,1
鹮,1
堯,1
ぬ,1
丼,1
ù,1
発,1
売,1
榫,1
鲥,1
鹒,1
歙,1
暼,1
朧,1
臍,1
醤,1
骲,1
碓,1
覍,1
竊,1
鑴,1
汍,1
暸,1
╋,1
嫃,1
旡,1
慝,1
餛,1
狽,1
陉,1
揆,1
紳,1
,1
倥,1
礻,1
ё,1
儅,1
觺,1
ョ,1
迓,1
箧,1
磳,1
陏,1
夿,1
駘,1
噚,1
稾,1
逬,1
蕤,1
忨,1
枌,1
蛯,1
巉,1
垓,1
詈,1
遳,1
亝,1
襂,1
カ,1
眢,1
珵,1
,1
,1
ㄑ,1
蝸,1
,1
楳,1
詰,1
鈊,1
鸮,1
蹰,1
翶,1
埱,1
薬,1
腍,1
ひ,1
貏,1
,1
畛,1
茆,1
亼,1
邥,1
粫,1
賷,1
,1
罘,1
摋,1
襦,1
⒙,1
圑,1
飃,1
莜,1
燧,1
瞼,1
纮,1
遖,1
濾,1
篩,1
蹼,1
簨,1
鼍,1
嗵,1
橾,1
咘,1
ㄋ,1
,1
衮,1
娵,1
荈,1
憛,1
捪,1
蠔,1
涴,1
琰,1
凴,1
椁,1
詶,1
,1
卐,1
柢,1
々,1
,1
椗,1
┡,1
廬,1
,1
屓,1
鄕,1
瓛,1
埶,1
睭,1
,1
禖,1
砉,1
镄,1
鲔,1
両,1
鉰,1
黩,1
琚,1
陗,1
螒,1
顕,1
粡,1
堈,1
鸞,1
,1
嵝,1
癐,1
坭,1
洳,1
挐,1
侎,1
,1
屇,1
肗,1
厣,1
聗,1
矝,1
鹸,1
祣,1
愐,1
釀,1
硭,1
捘,1
耹,1
唪,1
岺,1
,1
捁,1
囯,1
穀,1
穌,1
,1
殳,1
愷,1
,1
憝,1
鼽,1
柀,1
,1
蕹,1
氦,1
鷗,1
聡,1
橦,1
掲,1
骎,1
,1
瘑,1
跞,1
忉,1
屚,1
劭,1
▇,1
┟,1
,1
,1
腂,1
ュ,1
鴥,1
,1
,1
譵,1
,1
駒,1
鳔,1
旃,1
樁,1
肏,1
愰,1
糹,1
籃,1
邐,1
叺,1
┌,1
姮,1
,1
,1
圞,1
斕,1
騮,1
夔,1
逦,1
頤,1
犝,1
谮,1
傧,1
肜,1
誊,1
厼,1
,1
凼,1
豋,1
麀,1
邧,1
豃,1
谥,1
卍,1
弎,1
僜,1
渟,1
倣,1
,1
涢,1
嶼,1
暍,1
鵑,1
紿,1
斏,1
溡,1
顼,1
鲆,1
砹,1
,1
懃,1
砵,1
謗,1
諆,1
钯,1
,1
斠,1
膱,1
忴,1
揝,1
溼,1
骙,1
嘪,1
鹵,1
畣,1
髗,1
凖,1
蒡,1
圪,1
瑀,1
玚,1
仫,1
